contestId,contestName,handle,rank,ratingUpdateTimeSeconds,oldRating,newRating
2006,Codeforces Round 969 (Div. 1),tourist,1,1725037500,3947,4009
2006,Codeforces Round 969 (Div. 1),jiangly,2,1725037500,3734,3773
2006,Codeforces Round 969 (Div. 1),ecnerwala,3,1725037500,3581,3624
2006,Codeforces Round 969 (Div. 1),Radewoosh,4,1725037500,3646,3646
2006,Codeforces Round 969 (Div. 1),Kevin114514,5,1725037500,3113,3228
2006,Codeforces Round 969 (Div. 1),Um_nik,6,1725037500,3354,3396
2006,Codeforces Round 969 (Div. 1),strapple,7,1725037500,2942,3074
2006,Codeforces Round 969 (Div. 1),StarSilk,8,1725037500,3033,3132
2006,Codeforces Round 969 (Div. 1),LJC00118,9,1725037500,3264,3297
2006,Codeforces Round 969 (Div. 1),Kapt,10,1725037500,2974,3072
2006,Codeforces Round 969 (Div. 1),maspy,11,1725037500,3127,3180
2006,Codeforces Round 969 (Div. 1),Sugar_fan,12,1725037500,2914,3014
2006,Codeforces Round 969 (Div. 1),turmax,13,1725037500,3210,3230
2006,Codeforces Round 969 (Div. 1),noimi,14,1725037500,3016,3079
2006,Codeforces Round 969 (Div. 1),le0n,15,1725037500,2788,2905
2006,Codeforces Round 969 (Div. 1),wzc_IOI_czw,16,1725037500,2350,2586
2006,Codeforces Round 969 (Div. 1),Flamire,17,1725037500,2961,3024
2006,Codeforces Round 969 (Div. 1),Licha06,18,1725037500,2778,2885
2006,Codeforces Round 969 (Div. 1),peti1234,19,1725037500,3006,3050
2006,Codeforces Round 969 (Div. 1),dog_of_Nesraychan,20,1725037500,2794,2889
2006,Codeforces Round 969 (Div. 1),liuhengxi,21,1725037500,3009,3045
2006,Codeforces Round 969 (Div. 1),grass9cow,22,1725037500,2548,2703
2006,Codeforces Round 969 (Div. 1),ainta,23,1725037500,2781,2870
2006,Codeforces Round 969 (Div. 1),red-stone,24,1725037500,2268,2499
2006,Codeforces Round 969 (Div. 1),EnofTaiPeople,25,1725037500,2606,2735
2006,Codeforces Round 969 (Div. 1),cmk666,26,1725037500,2860,2919
2006,Codeforces Round 969 (Div. 1),tute7627,27,1725037500,2912,2955
2006,Codeforces Round 969 (Div. 1),fengqiyuka,28,1725037500,2683,2783
2006,Codeforces Round 969 (Div. 1),Ormlis,29,1725037500,3192,3159
2006,Codeforces Round 969 (Div. 1),Z-301,30,1725037500,2551,2682
2006,Codeforces Round 969 (Div. 1),Dominater069,31,1725037500,2754,2828
2006,Codeforces Round 969 (Div. 1),allvik66,32,1725037500,2935,2960
2006,Codeforces Round 969 (Div. 1),kotatsugame,33,1725037500,2947,2967
2006,Codeforces Round 969 (Div. 1),JoesSR,34,1725037500,2862,2901
2006,Codeforces Round 969 (Div. 1),dorijanlendvaj,35,1725037500,3021,3018
2006,Codeforces Round 969 (Div. 1),ksun48,36,1725037500,3479,3356
2006,Codeforces Round 969 (Div. 1),maroonrk,37,1725037500,3220,3163
2006,Codeforces Round 969 (Div. 1),jeroenodb,38,1725037500,2763,2820
2006,Codeforces Round 969 (Div. 1),Karuna,39,1725037500,2864,2893
2006,Codeforces Round 969 (Div. 1),Rubikun,40,1725037500,2872,2897
2006,Codeforces Round 969 (Div. 1),peltorator,41,1725037500,2755,2808
2006,Codeforces Round 969 (Div. 1),dl720125,42,1725037500,2865,2888
2006,Codeforces Round 969 (Div. 1),dlalswp25,43,1725037500,2848,2874
2006,Codeforces Round 969 (Div. 1),potatoo,44,1725037500,2361,2517
2006,Codeforces Round 969 (Div. 1),physics0523,45,1725037500,2732,2785
2006,Codeforces Round 969 (Div. 1),BurnedChicken,46,1725037500,3204,3135
2006,Codeforces Round 969 (Div. 1),NetSpeed1,47,1725037500,2606,2688
2006,Codeforces Round 969 (Div. 1),amongussssiuuu,48,1725037500,2597,2680
2006,Codeforces Round 969 (Div. 1),Fysty,49,1725037500,2526,2627
2006,Codeforces Round 969 (Div. 1),Otomachi_Una,50,1725037500,2665,2727
2006,Codeforces Round 969 (Div. 1),ugly2333,51,1725037500,3221,3141
2006,Codeforces Round 969 (Div. 1),YocyCraft,52,1725037500,2618,2690
2006,Codeforces Round 969 (Div. 1),jiangbowen,53,1725037500,2762,2795
2006,Codeforces Round 969 (Div. 1),TLEwpdus,54,1725037500,2956,2938
2006,Codeforces Round 969 (Div. 1),potato167,55,1725037500,2952,2934
2006,Codeforces Round 969 (Div. 1),Fido_Puppy,56,1725037500,2722,2761
2006,Codeforces Round 969 (Div. 1),StarVeil,57,1725037500,2378,2509
2006,Codeforces Round 969 (Div. 1),lexiyvv,58,1725037500,2674,2723
2006,Codeforces Round 969 (Div. 1),jinqihao2026,59,1725037500,2573,2647
2006,Codeforces Round 969 (Div. 1),kizen,60,1725037500,2607,2671
2006,Codeforces Round 969 (Div. 1),xuanxuan001,61,1725037500,2734,2763
2006,Codeforces Round 969 (Div. 1),Isoeasy,62,1725037500,2614,2673
2006,Codeforces Round 969 (Div. 1),kmjp,63,1725037500,2469,2565
2006,Codeforces Round 969 (Div. 1),Merripium,63,1725037500,2612,2670
2006,Codeforces Round 969 (Div. 1),sevlll777,65,1725037500,2393,2509
2006,Codeforces Round 969 (Div. 1),ParsaDox,66,1725037500,2474,2566
2006,Codeforces Round 969 (Div. 1),zjy2008,67,1725037500,2791,2799
2006,Codeforces Round 969 (Div. 1),_l_l_,68,1725037500,2434,2535
2006,Codeforces Round 969 (Div. 1),cxm1024,69,1725037500,2770,2781
2006,Codeforces Round 969 (Div. 1),__builtin_gjr,70,1725037500,2558,2623
2006,Codeforces Round 969 (Div. 1),leinad2,71,1725037500,2400,2507
2006,Codeforces Round 969 (Div. 1),Qzarv,72,1725037500,2140,2360
2006,Codeforces Round 969 (Div. 1),fallleaves01,73,1725037500,2766,2774
2006,Codeforces Round 969 (Div. 1),neal,74,1725037500,2978,2931
2006,Codeforces Round 969 (Div. 1),Ronnie007,74,1725037500,2557,2617
2006,Codeforces Round 969 (Div. 1),KroosTheKeenGlint,76,1725037500,2541,2604
2006,Codeforces Round 969 (Div. 1),hos.lyric,77,1725037500,3187,3086
2006,Codeforces Round 969 (Div. 1),Sorting,78,1725037500,2592,2640
2006,Codeforces Round 969 (Div. 1),lxlxl,79,1725037500,2446,2532
2006,Codeforces Round 969 (Div. 1),MridulAhi,80,1725037500,2313,2436
2006,Codeforces Round 969 (Div. 1),ganeid,81,1725037500,2562,2614
2006,Codeforces Round 969 (Div. 1),gyydp123_LIM,81,1725037500,2007,2278
2006,Codeforces Round 969 (Div. 1),_lbw_,83,1725037500,2623,2658
2006,Codeforces Round 969 (Div. 1),chenjy2021,84,1725037500,2187,2346
2006,Codeforces Round 969 (Div. 1),Forested,85,1725037500,2854,2829
2006,Codeforces Round 969 (Div. 1),Puranya,86,1725037500,2483,2552
2006,Codeforces Round 969 (Div. 1),AmirAli-Asgari,87,1725037500,2627,2657
2006,Codeforces Round 969 (Div. 1),fuppy,88,1725037500,2560,2607
2006,Codeforces Round 969 (Div. 1),BEAR0131,89,1725037500,2695,2706
2006,Codeforces Round 969 (Div. 1),Arturgo,90,1725037500,2428,2509
2006,Codeforces Round 969 (Div. 1),ORzyzRO,91,1725037500,2347,2450
2006,Codeforces Round 969 (Div. 1),natsugiri,92,1725037500,2630,2655
2006,Codeforces Round 969 (Div. 1),risujiroh,93,1725037500,2691,2700
2006,Codeforces Round 969 (Div. 1),pandaforever,94,1725037500,2506,2562
2006,Codeforces Round 969 (Div. 1),AliShahali1382,95,1725037500,2579,2615
2006,Codeforces Round 969 (Div. 1),chinerist,96,1725037500,2595,2626
2006,Codeforces Round 969 (Div. 1),EJIC_B_KEDAX,97,1725037500,2512,2564
2006,Codeforces Round 969 (Div. 1),fastmath,98,1725037500,2573,2608
2006,Codeforces Round 969 (Div. 1),Bobby7000,99,1725037500,2474,2535
2006,Codeforces Round 969 (Div. 1),leukocyte,100,1725037500,2507,2558
2006,Codeforces Round 969 (Div. 1),superguymj,101,1725037500,2674,2681
2006,Codeforces Round 969 (Div. 1),yutabi,102,1725037500,2455,2518
2006,Codeforces Round 969 (Div. 1),mtsd,103,1725037500,2556,2592
2006,Codeforces Round 969 (Div. 1),noya2,104,1725037500,2590,2616
2006,Codeforces Round 969 (Div. 1),Endagorion,105,1725037500,2890,2840
2006,Codeforces Round 969 (Div. 1),flashmt,106,1725037500,2306,2408
2006,Codeforces Round 969 (Div. 1),zltzlt,107,1725037500,2482,2534
2006,Codeforces Round 969 (Div. 1),HaramuraNodoka,108,1725037500,2665,2669
2006,Codeforces Round 969 (Div. 1),asgcd,109,1725037500,2358,2442
2006,Codeforces Round 969 (Div. 1),Egg_eating_master,109,1725037500,2024,2218
2006,Codeforces Round 969 (Div. 1),Swistakk,111,1725037500,2991,2912
2006,Codeforces Round 969 (Div. 1),Everule,112,1725037500,2461,2515
2006,Codeforces Round 969 (Div. 1),Kude,113,1725037500,2631,2640
2006,Codeforces Round 969 (Div. 1),syx2567,114,1725037500,2514,2553
2006,Codeforces Round 969 (Div. 1),lamduybao03,115,1725037500,2354,2436
2006,Codeforces Round 969 (Div. 1),PinkieRabbit,116,1725037500,2708,2695
2006,Codeforces Round 969 (Div. 1),0wuming0,117,1725037500,2646,2648
2006,Codeforces Round 969 (Div. 1),_acsm_,118,1725037500,2187,2351
2006,Codeforces Round 969 (Div. 1),zeliboba,119,1725037500,2511,2547
2006,Codeforces Round 969 (Div. 1),oleh1421,120,1725037500,2838,2791
2006,Codeforces Round 969 (Div. 1),jason_sun,121,1725037500,2436,2491
2006,Codeforces Round 969 (Div. 1),crazy_sea,122,1725037500,3065,2961
2006,Codeforces Round 969 (Div. 1),79brue,123,1725037500,2247,2355
2006,Codeforces Round 969 (Div. 1),qwef_,124,1725037500,2409,2469
2006,Codeforces Round 969 (Div. 1),orz,125,1725037500,2721,2700
2006,Codeforces Round 969 (Div. 1),feeder1,126,1725037500,2532,2558
2006,Codeforces Round 969 (Div. 1),wutongchun,127,1725037500,2492,2528
2006,Codeforces Round 969 (Div. 1),rniya,128,1725037500,2568,2583
2006,Codeforces Round 969 (Div. 1),okwedook,129,1725037500,2229,2338
2006,Codeforces Round 969 (Div. 1),nishkarsh,130,1725037500,2393,2454
2006,Codeforces Round 969 (Div. 1),Andycipation,131,1725037500,2265,2362
2006,Codeforces Round 969 (Div. 1),Kite_kuma,132,1725037500,2493,2525
2006,Codeforces Round 969 (Div. 1),ZzzzRKkkkkRrrrr,133,1725037500,2213,2325
2006,Codeforces Round 969 (Div. 1),Halzion,134,1725037500,2615,2615
2006,Codeforces Round 969 (Div. 1),popescuadrian,135,1725037500,2339,2412
2006,Codeforces Round 969 (Div. 1),CodeFurces,136,1725037500,2544,2561
2006,Codeforces Round 969 (Div. 1),InkyFlameMaster,137,1725037500,2231,2335
2006,Codeforces Round 969 (Div. 1),Guoyh,138,1725037500,2448,2489
2006,Codeforces Round 969 (Div. 1),tranquility,139,1725037500,2278,2366
2006,Codeforces Round 969 (Div. 1),Enchom,140,1725037500,2515,2537
2006,Codeforces Round 969 (Div. 1),Az3ar,141,1725037500,2582,2586
2006,Codeforces Round 969 (Div. 1),lmcutezzz,142,1725037500,2509,2531
2006,Codeforces Round 969 (Div. 1),Onjo,143,1725037500,2508,2530
2006,Codeforces Round 969 (Div. 1),LeoPro,144,1725037500,2843,2781
2006,Codeforces Round 969 (Div. 1),mhy908,145,1725037500,2397,2448
2006,Codeforces Round 969 (Div. 1),SongC,146,1725037500,2455,2489
2006,Codeforces Round 969 (Div. 1),Tikhon228,147,1725037500,2444,2481
2006,Codeforces Round 969 (Div. 1),Cantabile,148,1725037500,2179,2346
2006,Codeforces Round 969 (Div. 1),Xylenox,148,1725037500,2803,2748
2006,Codeforces Round 969 (Div. 1),hzr,150,1725037500,2821,2761
2006,Codeforces Round 969 (Div. 1),dongyc666,151,1725037500,2145,2268
2006,Codeforces Round 969 (Div. 1),zwezdinv,152,1725037500,2453,2485
2006,Codeforces Round 969 (Div. 1),taiwanguo,153,1725037500,2187,2295
2006,Codeforces Round 969 (Div. 1),dspr_,154,1725037500,2300,2373
2006,Codeforces Round 969 (Div. 1),Antiamuny,155,1725037500,2427,2464
2006,Codeforces Round 969 (Div. 1),alexxela12345,156,1725037500,2739,2696
2006,Codeforces Round 969 (Div. 1),anmichi,157,1725037500,2407,2448
2006,Codeforces Round 969 (Div. 1),caubetraidatmarvin,157,1725037500,2843,2774
2006,Codeforces Round 969 (Div. 1),amano_hina,159,1725037500,2384,2430
2006,Codeforces Round 969 (Div. 1),Nyaan,160,1725037500,2781,2726
2006,Codeforces Round 969 (Div. 1),Tlatoani,161,1725037500,2846,2775
2006,Codeforces Round 969 (Div. 1),tabr,162,1725037500,2731,2687
2006,Codeforces Round 969 (Div. 1),TKT_YI,163,1725037500,2696,2661
2006,Codeforces Round 969 (Div. 1),tfg,164,1725037500,2470,2491
2006,Codeforces Round 969 (Div. 1),Mangooste,165,1725037500,2694,2658
2006,Codeforces Round 969 (Div. 1),siganai,166,1725037500,2583,2574
2006,Codeforces Round 969 (Div. 1),RDDCCD,167,1725037500,2804,2740
2006,Codeforces Round 969 (Div. 1),Wayne_Yan,168,1725037500,2256,2334
2006,Codeforces Round 969 (Div. 1),ErrrrrrrayReis37,169,1725037500,2461,2482
2006,Codeforces Round 969 (Div. 1),thecold,170,1725037500,2362,2409
2006,Codeforces Round 969 (Div. 1),k1sara,171,1725037500,2265,2339
2006,Codeforces Round 969 (Div. 1),tiger2005,172,1725037500,2496,2506
2006,Codeforces Round 969 (Div. 1),pavement,173,1725037500,2565,2557
2006,Codeforces Round 969 (Div. 1),k1r1t0,174,1725037500,2525,2527
2006,Codeforces Round 969 (Div. 1),OIer_kzc,175,1725037500,2577,2565
2006,Codeforces Round 969 (Div. 1),aryanc403,176,1725037500,2312,2370
2006,Codeforces Round 969 (Div. 1),jerry3128,177,1725037500,2133,2245
2006,Codeforces Round 969 (Div. 1),Markadiusz,178,1725037500,2348,2395
2006,Codeforces Round 969 (Div. 1),EasonTAO,179,1725037500,2628,2602
2006,Codeforces Round 969 (Div. 1),Ichikawa_Tobacco,180,1725037500,2427,2452
2006,Codeforces Round 969 (Div. 1),ProjectCF,181,1725037500,2608,2586
2006,Codeforces Round 969 (Div. 1),shiomusubi496,182,1725037500,2869,2783
2006,Codeforces Round 969 (Div. 1),zdc123456,183,1725037500,2458,2473
2006,Codeforces Round 969 (Div. 1),EXODUS_cn,184,1725037500,2052,2189
2006,Codeforces Round 969 (Div. 1),stasio6,185,1725037500,2354,2396
2006,Codeforces Round 969 (Div. 1),marvinthang,186,1725037500,2499,2502
2006,Codeforces Round 969 (Div. 1),kostylevGO,186,1725037500,2414,2439
2006,Codeforces Round 969 (Div. 1),afuafu,188,1725037500,2435,2454
2006,Codeforces Round 969 (Div. 1),US3RN4M3,189,1725037500,2201,2286
2006,Codeforces Round 969 (Div. 1),ivan.alexeev,190,1725037500,2277,2338
2006,Codeforces Round 969 (Div. 1),furry,191,1725037500,2921,2818
2006,Codeforces Round 969 (Div. 1),Andy_Lin,191,1725037500,2296,2351
2006,Codeforces Round 969 (Div. 1),bronze_coder,193,1725037500,2404,2429
2006,Codeforces Round 969 (Div. 1),Suwan,194,1725037500,2273,2334
2006,Codeforces Round 969 (Div. 1),Faruzan,195,1725037500,2635,2600
2006,Codeforces Round 969 (Div. 1),Dawnq,195,1725037500,2446,2458
2006,Codeforces Round 969 (Div. 1),zhaohaikun,197,1725037500,2529,2520
2006,Codeforces Round 969 (Div. 1),McPqndq,198,1725037500,2255,2319
2006,Codeforces Round 969 (Div. 1),Yuuuuuuuuuuuuuuuuu,198,1725037500,2553,2537
2006,Codeforces Round 969 (Div. 1),OIerGegu1019,200,1725037500,2133,2234
2006,Codeforces Round 969 (Div. 1),lyx123886a123886,201,1725037500,2260,2321
2006,Codeforces Round 969 (Div. 1),HHY_zZhu,202,1725037500,2406,2426
2006,Codeforces Round 969 (Div. 1),kaIimm,203,1725037500,2331,2371
2006,Codeforces Round 969 (Div. 1),0xF1,204,1725037500,2107,2215
2006,Codeforces Round 969 (Div. 1),dapingguo8,205,1725037500,2080,2196
2006,Codeforces Round 969 (Div. 1),yeminghan,205,1725037500,2427,2440
2006,Codeforces Round 969 (Div. 1),talant,207,1725037500,2613,2579
2006,Codeforces Round 969 (Div. 1),uwu,208,1725037500,2622,2585
2006,Codeforces Round 969 (Div. 1),amsraman,209,1725037500,2289,2338
2006,Codeforces Round 969 (Div. 1),Carpenters_Cat,209,1725037500,2210,2282
2006,Codeforces Round 969 (Div. 1),se1ka2,211,1725037500,2584,2555
2006,Codeforces Round 969 (Div. 1),gj83zo4,211,1725037500,2418,2431
2006,Codeforces Round 969 (Div. 1),luna-,213,1725037500,2153,2242
2006,Codeforces Round 969 (Div. 1),Waldi,214,1725037500,2351,2381
2006,Codeforces Round 969 (Div. 1),emthrm,215,1725037500,2460,2461
2006,Codeforces Round 969 (Div. 1),kevin,215,1725037500,2301,2344
2006,Codeforces Round 969 (Div. 1),toam,217,1725037500,2484,2478
2006,Codeforces Round 969 (Div. 1),ZYPRESSEN,217,1725037500,2375,2397
2006,Codeforces Round 969 (Div. 1),barbie,219,1725037500,2198,2270
2006,Codeforces Round 969 (Div. 1),adam01,220,1725037500,2308,2348
2006,Codeforces Round 969 (Div. 1),Galetx,221,1725037500,2316,2353
2006,Codeforces Round 969 (Div. 1),Hyperbolic,222,1725037500,2470,2466
2006,Codeforces Round 969 (Div. 1),Andwerp,223,1725037500,2182,2257
2006,Codeforces Round 969 (Div. 1),Dorost,224,1725037500,2500,2487
2006,Codeforces Round 969 (Div. 1),LKY928261,225,1725037500,2331,2362
2006,Codeforces Round 969 (Div. 1),Unlimited_zero,226,1725037500,2203,2270
2006,Codeforces Round 969 (Div. 1),Redpo,226,1725037500,2210,2275
2006,Codeforces Round 969 (Div. 1),katyaporay,226,1725037500,2442,2443
2006,Codeforces Round 969 (Div. 1),gloria_mundi,229,1725037500,2540,2516
2006,Codeforces Round 969 (Div. 1),FantasyNumber,230,1725037500,2177,2251
2006,Codeforces Round 969 (Div. 1),Ch.II,230,1725037500,2169,2245
2006,Codeforces Round 969 (Div. 1),JorimJang,232,1725037500,2107,2203
2006,Codeforces Round 969 (Div. 1),Noble_Mushtak,233,1725037500,2369,2387
2006,Codeforces Round 969 (Div. 1),shobonvip,234,1725037500,2437,2437
2006,Codeforces Round 969 (Div. 1),mychecksdead,235,1725037500,2121,2211
2006,Codeforces Round 969 (Div. 1),rgnerdplayer,236,1725037500,2273,2316
2006,Codeforces Round 969 (Div. 1),whdywjd,237,1725037500,2220,2278
2006,Codeforces Round 969 (Div. 1),qwq123,238,1725037500,2377,2391
2006,Codeforces Round 969 (Div. 1),Teja-Smart,239,1725037500,2299,2334
2006,Codeforces Round 969 (Div. 1),fmota,240,1725037500,2675,2614
2006,Codeforces Round 969 (Div. 1),zhenghanyun,241,1725037500,2162,2236
2006,Codeforces Round 969 (Div. 1),karinohito,242,1725037500,2431,2429
2006,Codeforces Round 969 (Div. 1),ssk4988,243,1725037500,2276,2315
2006,Codeforces Round 969 (Div. 1),0x0002,243,1725037500,2186,2252
2006,Codeforces Round 969 (Div. 1),Virv,245,1725037500,2357,2374
2006,Codeforces Round 969 (Div. 1),propane,246,1725037500,2415,2416
2006,Codeforces Round 969 (Div. 1),hamo21,247,1725037500,2002,2128
2006,Codeforces Round 969 (Div. 1),sg78276397,248,1725037500,2169,2238
2006,Codeforces Round 969 (Div. 1),waipoli,249,1725037500,2306,2335
2006,Codeforces Round 969 (Div. 1),newbie114514,250,1725037500,2181,2246
2006,Codeforces Round 969 (Div. 1),xx_mmc,251,1725037500,2100,2190
2006,Codeforces Round 969 (Div. 1),swoswoswo,251,1725037500,2223,2310
2006,Codeforces Round 969 (Div. 1),otoshigo,253,1725037500,2239,2285
2006,Codeforces Round 969 (Div. 1),fishcathu.,254,1725037500,2159,2229
2006,Codeforces Round 969 (Div. 1),Sofapuden,255,1725037500,2440,2432
2006,Codeforces Round 969 (Div. 1),fft_ntt,256,1725037500,2162,2265
2006,Codeforces Round 969 (Div. 1),Su_Zipei,257,1725037500,2248,2290
2006,Codeforces Round 969 (Div. 1),oscar1f,257,1725037500,2274,2309
2006,Codeforces Round 969 (Div. 1),Celebrate,259,1725037500,2125,2204
2006,Codeforces Round 969 (Div. 1),Wobert,259,1725037500,2202,2257
2006,Codeforces Round 969 (Div. 1),MateoCV,261,1725037500,2375,2381
2006,Codeforces Round 969 (Div. 1),rin204,262,1725037500,2878,2762
2006,Codeforces Round 969 (Div. 1),iakovlev.zakhar,263,1725037500,2539,2503
2006,Codeforces Round 969 (Div. 1),.I.,263,1725037500,2213,2263
2006,Codeforces Round 969 (Div. 1),leihonglongyin,265,1725037500,2300,2325
2006,Codeforces Round 969 (Div. 1),FelixMP,265,1725037500,2075,2168
2006,Codeforces Round 969 (Div. 1),lnsuyn,267,1725037500,2306,2329
2006,Codeforces Round 969 (Div. 1),chenrui9551,268,1725037500,2144,2214
2006,Codeforces Round 969 (Div. 1),thembululquaUwU,269,1725037500,2269,2337
2006,Codeforces Round 969 (Div. 1),limanjun,270,1725037500,2353,2362
2006,Codeforces Round 969 (Div. 1),nitram,271,1725037500,2114,2192
2006,Codeforces Round 969 (Div. 1),Anonyme,272,1725037500,2206,2255
2006,Codeforces Round 969 (Div. 1),anpaio,272,1725037500,2294,2318
2006,Codeforces Round 969 (Div. 1),unordered_map,274,1725037500,2018,2127
2006,Codeforces Round 969 (Div. 1),RecursiveCo,275,1725037500,2248,2284
2006,Codeforces Round 969 (Div. 1),ikrpprppp,276,1725037500,2339,2350
2006,Codeforces Round 969 (Div. 1),Leo_wang,277,1725037500,2147,2212
2006,Codeforces Round 969 (Div. 1),Temmie,278,1725037500,2285,2310
2006,Codeforces Round 969 (Div. 1),timreizin,279,1725037500,2170,2228
2006,Codeforces Round 969 (Div. 1),Serendipity__,280,1725037500,2228,2268
2006,Codeforces Round 969 (Div. 1),CaoJinCheng,281,1725037500,2102,2180
2006,Codeforces Round 969 (Div. 1),sunkuangzheng,282,1725037500,2216,2259
2006,Codeforces Round 969 (Div. 1),Xellos,283,1725037500,2444,2425
2006,Codeforces Round 969 (Div. 1),AdhityaMangudy,284,1725037500,2230,2267
2006,Codeforces Round 969 (Div. 1),pooty,284,1725037500,2454,2433
2006,Codeforces Round 969 (Div. 1),ZN-ACE,284,1725037500,1913,2057
2006,Codeforces Round 969 (Div. 1),SadMachine,287,1725037500,2185,2235
2006,Codeforces Round 969 (Div. 1),Darko1,288,1725037500,2187,2236
2006,Codeforces Round 969 (Div. 1),Arterm,288,1725037500,2584,2530
2006,Codeforces Round 969 (Div. 1),bunH2O,290,1725037500,2244,2275
2006,Codeforces Round 969 (Div. 1),kotamanegi,290,1725037500,2233,2268
2006,Codeforces Round 969 (Div. 1),tem_shett,290,1725037500,2221,2259
2006,Codeforces Round 969 (Div. 1),chenjunxiu,293,1725037500,2174,2225
2006,Codeforces Round 969 (Div. 1),-2e11,294,1725037500,2149,2208
2006,Codeforces Round 969 (Div. 1),Drakkon,295,1725037500,2145,2204
2006,Codeforces Round 969 (Div. 1),chernega,295,1725037500,2244,2274
2006,Codeforces Round 969 (Div. 1),tas6,297,1725037500,2017,2169
2006,Codeforces Round 969 (Div. 1),imjqaq,297,1725037500,2175,2260
2006,Codeforces Round 969 (Div. 1),fyable,297,1725037500,2452,2427
2006,Codeforces Round 969 (Div. 1),PetelgeuseRomaneeconti,300,1725037500,2749,2652
2006,Codeforces Round 969 (Div. 1),Raiden,301,1725037500,2103,2173
2006,Codeforces Round 969 (Div. 1),sstrong,301,1725037500,2580,2523
2006,Codeforces Round 969 (Div. 1),Grisses,303,1725037500,2188,2232
2006,Codeforces Round 969 (Div. 1),08kevin,304,1725037500,2200,2240
2006,Codeforces Round 969 (Div. 1),Math_rad_round,305,1725037500,2161,2212
2006,Codeforces Round 969 (Div. 1),ValenciaTravis,306,1725037500,2276,2294
2006,Codeforces Round 969 (Div. 1),oursaco,307,1725037500,2151,2204
2006,Codeforces Round 969 (Div. 1),Vladithur,307,1725037500,2415,2396
2006,Codeforces Round 969 (Div. 1),Koba.rde,309,1725037500,2180,2224
2006,Codeforces Round 969 (Div. 1),Nahian9696,310,1725037500,2068,2147
2006,Codeforces Round 969 (Div. 1),FHVirus,311,1725037500,2109,2174
2006,Codeforces Round 969 (Div. 1),_LeMur_,311,1725037500,2192,2232
2006,Codeforces Round 969 (Div. 1),dsolunov,313,1725037500,2101,2168
2006,Codeforces Round 969 (Div. 1),HpSuda,313,1725037500,2418,2397
2006,Codeforces Round 969 (Div. 1),maximrufed,315,1725037500,2145,2198
2006,Codeforces Round 969 (Div. 1),Valaki2,316,1725037500,2252,2274
2006,Codeforces Round 969 (Div. 1),Ann,317,1725037500,2121,2180
2006,Codeforces Round 969 (Div. 1),Little_Xi_,317,1725037500,2091,2160
2006,Codeforces Round 969 (Div. 1),Heibor,319,1725037500,2190,2228
2006,Codeforces Round 969 (Div. 1),francesco,320,1725037500,2195,2231
2006,Codeforces Round 969 (Div. 1),dkhve,321,1725037500,2134,2188
2006,Codeforces Round 969 (Div. 1),shinchankosen,322,1725037500,2250,2270
2006,Codeforces Round 969 (Div. 1),MonotonicQueue,323,1725037500,1985,2088
2006,Codeforces Round 969 (Div. 1),YuJiahe,324,1725037500,2335,2332
2006,Codeforces Round 969 (Div. 1),Augenstern,325,1725037500,2241,2263
2006,Codeforces Round 969 (Div. 1),zas111lll,325,1725037500,2308,2311
2006,Codeforces Round 969 (Div. 1),Joler_,327,1725037500,2107,2168
2006,Codeforces Round 969 (Div. 1),Mou-HuangZhong,328,1725037500,2130,2183
2006,Codeforces Round 969 (Div. 1),qingbaiqwq,329,1725037500,2127,2181
2006,Codeforces Round 969 (Div. 1),RED_INSIDE,329,1725037500,2313,2314
2006,Codeforces Round 969 (Div. 1),sammyuri,331,1725037500,2236,2257
2006,Codeforces Round 969 (Div. 1),HuangXiaoyun,332,1725037500,2053,2130
2006,Codeforces Round 969 (Div. 1),KevinLikesCoding,333,1725037500,2170,2210
2006,Codeforces Round 969 (Div. 1),VladaMG98,334,1725037500,2310,2310
2006,Codeforces Round 969 (Div. 1),Be_dos,334,1725037500,2474,2434
2006,Codeforces Round 969 (Div. 1),JueFan,336,1725037500,2260,2273
2006,Codeforces Round 969 (Div. 1),KumaTachiRen,337,1725037500,2335,2328
2006,Codeforces Round 969 (Div. 1),Gabp,337,1725037500,2193,2224
2006,Codeforces Round 969 (Div. 1),24_ecf_Fe,339,1725037500,2275,2283
2006,Codeforces Round 969 (Div. 1),HollwoQ_Pelw,340,1725037500,2456,2419
2006,Codeforces Round 969 (Div. 1),nifeshe,341,1725037500,2162,2202
2006,Codeforces Round 969 (Div. 1),PvPro,342,1725037500,2225,2246
2006,Codeforces Round 969 (Div. 1),culver0412,343,1725037500,2392,2369
2006,Codeforces Round 969 (Div. 1),Alice_Cartelet,343,1725037500,2019,2103
2006,Codeforces Round 969 (Div. 1),khuepr123,343,1725037500,2379,2359
2006,Codeforces Round 969 (Div. 1),JavaInTheSouth,346,1725037500,2211,2235
2006,Codeforces Round 969 (Div. 1),evenvalue,347,1725037500,2236,2253
2006,Codeforces Round 969 (Div. 1),Survivor_winner,348,1725037500,2238,2254
2006,Codeforces Round 969 (Div. 1),TimeLimitExceed,349,1725037500,2334,2324
2006,Codeforces Round 969 (Div. 1),Link_Cut_qwq,350,1725037500,2177,2209
2006,Codeforces Round 969 (Div. 1),ciuim,351,1725037500,2211,2233
2006,Codeforces Round 969 (Div. 1),GOTKAKO,351,1725037500,2313,2308
2006,Codeforces Round 969 (Div. 1),AlinLoh420,353,1725037500,2356,2339
2006,Codeforces Round 969 (Div. 1),Giga_Cronos,353,1725037500,2300,2298
2006,Codeforces Round 969 (Div. 1),gsh,355,1725037500,2232,2248
2006,Codeforces Round 969 (Div. 1),lzoilxy,356,1725037500,2175,2206
2006,Codeforces Round 969 (Div. 1),Wansur,356,1725037500,2270,2275
2006,Codeforces Round 969 (Div. 1),dongyinjie001,358,1725037500,2246,2256
2006,Codeforces Round 969 (Div. 1),ub33,358,1725037500,2287,2286
2006,Codeforces Round 969 (Div. 1),InternetPerson10,358,1725037500,2397,2369
2006,Codeforces Round 969 (Div. 1),Jimanbanashi,358,1725037500,2218,2236
2006,Codeforces Round 969 (Div. 1),MathGuy1729,362,1725037500,1997,2083
2006,Codeforces Round 969 (Div. 1),Yurushia,362,1725037500,2405,2374
2006,Codeforces Round 969 (Div. 1),Petroleumus,364,1725037500,2144,2182
2006,Codeforces Round 969 (Div. 1),Eraine,365,1725037500,2372,2349
2006,Codeforces Round 969 (Div. 1),sharaelong,366,1725037500,2387,2360
2006,Codeforces Round 969 (Div. 1),kingmessi,367,1725037500,2118,2163
2006,Codeforces Round 969 (Div. 1),luckyzfy,368,1725037500,2137,2176
2006,Codeforces Round 969 (Div. 1),RNS_KSR,368,1725037500,2540,2475
2006,Codeforces Round 969 (Div. 1),tassei903,370,1725037500,2163,2194
2006,Codeforces Round 969 (Div. 1),al3xstr33t,371,1725037500,2527,2465
2006,Codeforces Round 969 (Div. 1),askd,372,1725037500,2313,2302
2006,Codeforces Round 969 (Div. 1),bribritt,373,1725037500,2455,2410
2006,Codeforces Round 969 (Div. 1),operator_,374,1725037500,2262,2264
2006,Codeforces Round 969 (Div. 1),NickMish,375,1725037500,2128,2167
2006,Codeforces Round 969 (Div. 1),Farmer_D,375,1725037500,2251,2256
2006,Codeforces Round 969 (Div. 1),Gassa,377,1725037500,2407,2372
2006,Codeforces Round 969 (Div. 1),Silver_Fox,377,1725037500,2084,2136
2006,Codeforces Round 969 (Div. 1),lllei,377,1725037500,1982,2068
2006,Codeforces Round 969 (Div. 1),_FCY_,380,1725037500,1969,2059
2006,Codeforces Round 969 (Div. 1),cockatooo_2025GM,381,1725037500,2223,2233
2006,Codeforces Round 969 (Div. 1),2514631360a,381,1725037500,2047,2110
2006,Codeforces Round 969 (Div. 1),cz_yxx,383,1725037500,2243,2247
2006,Codeforces Round 969 (Div. 1),Flandre,383,1725037500,2315,2301
2006,Codeforces Round 969 (Div. 1),BreakPlus,383,1725037500,2343,2322
2006,Codeforces Round 969 (Div. 1),abeker,386,1725037500,2276,2271
2006,Codeforces Round 969 (Div. 1),MMYYFF,387,1725037500,2121,2159
2006,Codeforces Round 969 (Div. 1),gxy001,387,1725037500,2295,2285
2006,Codeforces Round 969 (Div. 1),Kolychestiy,389,1725037500,2184,2203
2006,Codeforces Round 969 (Div. 1),xqqddqqc,390,1725037500,1960,2050
2006,Codeforces Round 969 (Div. 1),Kaey,391,1725037500,2357,2331
2006,Codeforces Round 969 (Div. 1),irkstepanov,392,1725037500,2377,2346
2006,Codeforces Round 969 (Div. 1),Linx,392,1725037500,2467,2414
2006,Codeforces Round 969 (Div. 1),IBory,394,1725037500,2326,2307
2006,Codeforces Round 969 (Div. 1),liubinze,394,1725037500,1995,2071
2006,Codeforces Round 969 (Div. 1),ghj1222,396,1725037500,2116,2153
2006,Codeforces Round 969 (Div. 1),fast_photon,397,1725037500,2464,2411
2006,Codeforces Round 969 (Div. 1),kwoncycle,398,1725037500,2278,2269
2006,Codeforces Round 969 (Div. 1),Badint,398,1725037500,2150,2176
2006,Codeforces Round 969 (Div. 1),mban259,400,1725037500,2221,2227
2006,Codeforces Round 969 (Div. 1),StupidGuy13,401,1725037500,2191,2205
2006,Codeforces Round 969 (Div. 1),ArvinCiu,402,1725037500,2021,2086
2006,Codeforces Round 969 (Div. 1),WTR2007,403,1725037500,1984,2062
2006,Codeforces Round 969 (Div. 1),HuaJun,404,1725037500,2280,2270
2006,Codeforces Round 969 (Div. 1),aaronkim00,405,1725037500,2288,2275
2006,Codeforces Round 969 (Div. 1),Luna_Sakurakouji,406,1725037500,2146,2172
2006,Codeforces Round 969 (Div. 1),menborong,407,1725037500,2280,2269
2006,Codeforces Round 969 (Div. 1),TRDOG,408,1725037500,2148,2172
2006,Codeforces Round 969 (Div. 1),Yaimsea,409,1725037500,2161,2181
2006,Codeforces Round 969 (Div. 1),ApraCadabra,410,1725037500,2227,2229
2006,Codeforces Round 969 (Div. 1),Palbudir,411,1725037500,2137,2164
2006,Codeforces Round 969 (Div. 1),lcaonmst,412,1725037500,2288,2274
2006,Codeforces Round 969 (Div. 1),DiegoGarcia,413,1725037500,2188,2200
2006,Codeforces Round 969 (Div. 1),rimr,414,1725037500,2025,2085
2006,Codeforces Round 969 (Div. 1),pring,414,1725037500,2360,2328
2006,Codeforces Round 969 (Div. 1),reedef,416,1725037500,2617,2524
2006,Codeforces Round 969 (Div. 1),Practice_Track,417,1725037500,2069,2115
2006,Codeforces Round 969 (Div. 1),Qwertenx,418,1725037500,2144,2166
2006,Codeforces Round 969 (Div. 1),Astatinear,418,1725037500,2208,2212
2006,Codeforces Round 969 (Div. 1),GoogleBot,418,1725037500,2175,2189
2006,Codeforces Round 969 (Div. 1),forelax,421,1725037500,2162,2178
2006,Codeforces Round 969 (Div. 1),enzopsm,421,1725037500,2130,2156
2006,Codeforces Round 969 (Div. 1),Daniel081024,421,1725037500,2382,2342
2006,Codeforces Round 969 (Div. 1),liaoyanxu,424,1725037500,1905,2005
2006,Codeforces Round 969 (Div. 1),albatross_errantia,425,1725037500,2317,2293
2006,Codeforces Round 969 (Div. 1),_Parsa,426,1725037500,2213,2215
2006,Codeforces Round 969 (Div. 1),buidangnguyen05,427,1725037500,1971,2046
2006,Codeforces Round 969 (Div. 1),leaf1415,428,1725037500,2438,2384
2006,Codeforces Round 969 (Div. 1),GeoCalibur,429,1725037500,2102,2133
2006,Codeforces Round 969 (Div. 1),AFOier,429,1725037500,2212,2212
2006,Codeforces Round 969 (Div. 1),damjandavkov,429,1725037500,2290,2271
2006,Codeforces Round 969 (Div. 1),Kent530,429,1725037500,2165,2178
2006,Codeforces Round 969 (Div. 1),bbts,433,1725037500,2163,2176
2006,Codeforces Round 969 (Div. 1),David-M,434,1725037500,2143,2162
2006,Codeforces Round 969 (Div. 1),chuchu,435,1725037500,2217,2215
2006,Codeforces Round 969 (Div. 1),Erinyes,435,1725037500,2069,2109
2006,Codeforces Round 969 (Div. 1),ian_HLX,437,1725037500,2253,2241
2006,Codeforces Round 969 (Div. 1),HaccerKat,437,1725037500,2144,2161
2006,Codeforces Round 969 (Div. 1),tatata96,439,1725037500,2304,2280
2006,Codeforces Round 969 (Div. 1),sillylittleidiot77,440,1725037500,2311,2285
2006,Codeforces Round 969 (Div. 1),brown_toad,441,1725037500,2163,2174
2006,Codeforces Round 969 (Div. 1),catforces,442,1725037500,2166,2176
2006,Codeforces Round 969 (Div. 1),CoderAbhi27,442,1725037500,1966,2038
2006,Codeforces Round 969 (Div. 1),tranhoangson,444,1725037500,1940,2021
2006,Codeforces Round 969 (Div. 1),user10086,445,1725037500,1930,2014
2006,Codeforces Round 969 (Div. 1),Linear_B,445,1725037500,2077,2112
2006,Codeforces Round 969 (Div. 1),skahl15,447,1725037500,2325,2294
2006,Codeforces Round 969 (Div. 1),parkky,448,1725037500,2218,2213
2006,Codeforces Round 969 (Div. 1),Danncla,449,1725037500,2210,2207
2006,Codeforces Round 969 (Div. 1),zmy_,450,1725037500,2309,2281
2006,Codeforces Round 969 (Div. 1),JYJin,451,1725037500,2297,2272
2006,Codeforces Round 969 (Div. 1),ivandasfs,452,1725037500,2148,2161
2006,Codeforces Round 969 (Div. 1),violentpeanuts,453,1725037500,2168,2175
2006,Codeforces Round 969 (Div. 1),10tus,453,1725037500,2265,2246
2006,Codeforces Round 969 (Div. 1),cwxzh,455,1725037500,2119,2139
2006,Codeforces Round 969 (Div. 1),M_bolshakov,455,1725037500,2120,2140
2006,Codeforces Round 969 (Div. 1),mbolgov,457,1725037500,2100,2125
2006,Codeforces Round 969 (Div. 1),DerekYeh,458,1725037500,2018,2068
2006,Codeforces Round 969 (Div. 1),zhouchenfeng,459,1725037500,2135,2150
2006,Codeforces Round 969 (Div. 1),Alfeh1,460,1725037500,2143,2155
2006,Codeforces Round 969 (Div. 1),bcollet,461,1725037500,2128,2144
2006,Codeforces Round 969 (Div. 1),Yesiyesiio,462,1725037500,2102,2125
2006,Codeforces Round 969 (Div. 1),wyzz162534,462,1725037500,2209,2202
2006,Codeforces Round 969 (Div. 1),MarcosK,462,1725037500,2255,2237
2006,Codeforces Round 969 (Div. 1),reil_st,465,1725037500,2100,2123
2006,Codeforces Round 969 (Div. 1),anango,466,1725037500,2208,2201
2006,Codeforces Round 969 (Div. 1),ji_1433223,467,1725037500,1946,2018
2006,Codeforces Round 969 (Div. 1),octane,468,1725037500,2029,2073
2006,Codeforces Round 969 (Div. 1),topovik,468,1725037500,2238,2223
2006,Codeforces Round 969 (Div. 1),IDSG,470,1725037500,1928,2005
2006,Codeforces Round 969 (Div. 1),Dalek_of_Rivia,471,1725037500,2313,2279
2006,Codeforces Round 969 (Div. 1),shadow9236,472,1725037500,2147,2155
2006,Codeforces Round 969 (Div. 1),ArsenGotov,473,1725037500,2100,2121
2006,Codeforces Round 969 (Div. 1),mees,473,1725037500,2286,2258
2006,Codeforces Round 969 (Div. 1),surajchip2,475,1725037500,2273,2248
2006,Codeforces Round 969 (Div. 1),ArSarapkin,476,1725037500,2321,2284
2006,Codeforces Round 969 (Div. 1),Jeuti,477,1725037500,2190,2185
2006,Codeforces Round 969 (Div. 1),hongjiaohu,478,1725037500,2270,2245
2006,Codeforces Round 969 (Div. 1),Ashwanth.K,478,1725037500,2325,2287
2006,Codeforces Round 969 (Div. 1),Art.ogo,480,1725037500,2180,2177
2006,Codeforces Round 969 (Div. 1),chtholly,481,1725037500,2199,2191
2006,Codeforces Round 969 (Div. 1),yuvrajKharayat,482,1725037500,2153,2157
2006,Codeforces Round 969 (Div. 1),anthonyaaab123,483,1725037500,2020,2063
2006,Codeforces Round 969 (Div. 1),clap,484,1725037500,2107,2123
2006,Codeforces Round 969 (Div. 1),forget-star,485,1725037500,2186,2180
2006,Codeforces Round 969 (Div. 1),llloserqz,485,1725037500,2253,2230
2006,Codeforces Round 969 (Div. 1),mhb2010,487,1725037500,2292,2260
2006,Codeforces Round 969 (Div. 1),Rayo,488,1725037500,2177,2173
2006,Codeforces Round 969 (Div. 1),EzheKing,489,1725037500,2063,2091
2006,Codeforces Round 969 (Div. 1),CTHOOH,490,1725037500,2135,2142
2006,Codeforces Round 969 (Div. 1),Leo_0503,491,1725037500,2150,2152
2006,Codeforces Round 969 (Div. 1),Ricky2021,492,1725037500,2269,2241
2006,Codeforces Round 969 (Div. 1),nono00,493,1725037500,2063,2090
2006,Codeforces Round 969 (Div. 1),PoustouFlan,494,1725037500,2134,2140
2006,Codeforces Round 969 (Div. 1),ekatsim,494,1725037500,2189,2180
2006,Codeforces Round 969 (Div. 1),murder_drones,496,1725037500,1905,1983
2006,Codeforces Round 969 (Div. 1),robinyqc,496,1725037500,1993,2040
2006,Codeforces Round 969 (Div. 1),Ivan_len,498,1725037500,2301,2264
2006,Codeforces Round 969 (Div. 1),trybetter,499,1725037500,2233,2213
2006,Codeforces Round 969 (Div. 1),ATM12345,500,1725037500,2169,2164
2006,Codeforces Round 969 (Div. 1),wanxin,501,1725037500,2077,2097
2006,Codeforces Round 969 (Div. 1),TheLostCookie,502,1725037500,2543,2450
2006,Codeforces Round 969 (Div. 1),dyppp,502,1725037500,2224,2205
2006,Codeforces Round 969 (Div. 1),kohandy,504,1725037500,2127,2133
2006,Codeforces Round 969 (Div. 1),LUlululu1616,505,1725037500,2204,2189
2006,Codeforces Round 969 (Div. 1),UKBwyx,506,1725037500,2121,2128
2006,Codeforces Round 969 (Div. 1),lethan3,507,1725037500,2233,2211
2006,Codeforces Round 969 (Div. 1),zeemanz,508,1725037500,2151,2149
2006,Codeforces Round 969 (Div. 1),Shifted,509,1725037500,1924,1991
2006,Codeforces Round 969 (Div. 1),Egg_laying_master,510,1725037500,1971,2022
2006,Codeforces Round 969 (Div. 1),eepsilon,511,1725037500,1990,2035
2006,Codeforces Round 969 (Div. 1),autumoon,512,1725037500,2148,2146
2006,Codeforces Round 969 (Div. 1),ntherner,513,1725037500,2427,2358
2006,Codeforces Round 969 (Div. 1),allfadeaway,513,1725037500,2217,2197
2006,Codeforces Round 969 (Div. 1),konb1,515,1725037500,2133,2134
2006,Codeforces Round 969 (Div. 1),bro_jie,516,1725037500,2174,2164
2006,Codeforces Round 969 (Div. 1),darkkcyan,517,1725037500,2445,2371
2006,Codeforces Round 969 (Div. 1),Nullptrs,518,1725037500,2192,2177
2006,Codeforces Round 969 (Div. 1),Akulyat,519,1725037500,2392,2330
2006,Codeforces Round 969 (Div. 1),MATDORI,520,1725037500,2086,2099
2006,Codeforces Round 969 (Div. 1),daukah,521,1725037500,2269,2235
2006,Codeforces Round 969 (Div. 1),DUTZeratul,522,1725037500,2312,2268
2006,Codeforces Round 969 (Div. 1),rikka_lyly,523,1725037500,2083,2096
2006,Codeforces Round 969 (Div. 1),Tobo,524,1725037500,2341,2290
2006,Codeforces Round 969 (Div. 1),eyadhjarray111,525,1725037500,2167,2157
2006,Codeforces Round 969 (Div. 1),ChrysanthBlossom,526,1725037500,2114,2118
2006,Codeforces Round 969 (Div. 1),ace5,527,1725037500,2544,2447
2006,Codeforces Round 969 (Div. 1),fanythree,528,1725037500,1979,2022
2006,Codeforces Round 969 (Div. 1),GrandSouris,529,1725037500,2314,2268
2006,Codeforces Round 969 (Div. 1),yy_chen,530,1725037500,2256,2223
2006,Codeforces Round 969 (Div. 1),SanguineChameleon,531,1725037500,2682,2553
2006,Codeforces Round 969 (Div. 1),sleep__,532,1725037500,2347,2293
2006,Codeforces Round 969 (Div. 1),dontforgetyourself,533,1725037500,1958,2007
2006,Codeforces Round 969 (Div. 1),amsen,534,1725037500,2243,2212
2006,Codeforces Round 969 (Div. 1),Alex239,535,1725037500,2138,2133
2006,Codeforces Round 969 (Div. 1),snuke,536,1725037500,2977,2782
2006,Codeforces Round 969 (Div. 1),csyakuoi,537,1725037500,2182,2165
2006,Codeforces Round 969 (Div. 1),LinkWish,538,1725037500,2119,2118
2006,Codeforces Round 969 (Div. 1),lsxhyyds,539,1725037500,2263,2227
2006,Codeforces Round 969 (Div. 1),lightseba,540,1725037500,2323,2272
2006,Codeforces Round 969 (Div. 1),Hamed_Ghaffari,541,1725037500,2413,2342
2006,Codeforces Round 969 (Div. 1),sadness,542,1725037500,2192,2172
2006,Codeforces Round 969 (Div. 1),Andrew-13,543,1725037500,2139,2132
2006,Codeforces Round 969 (Div. 1),Piokemon,544,1725037500,2234,2203
2006,Codeforces Round 969 (Div. 1),ttamx,545,1725037500,2434,2358
2006,Codeforces Round 969 (Div. 1),Saquariu,546,1725037500,2339,2284
2006,Codeforces Round 969 (Div. 1),maomao90,547,1725037500,2467,2383
2006,Codeforces Round 969 (Div. 1),The_Hallak,548,1725037500,2164,2149
2006,Codeforces Round 969 (Div. 1),max0000561,549,1725037500,2161,2147
2006,Codeforces Round 969 (Div. 1),someone__,550,1725037500,2178,2159
2006,Codeforces Round 969 (Div. 1),crazyilian,551,1725037500,2319,2267
2006,Codeforces Round 969 (Div. 1),Lawali,552,1725037500,2174,2156
2006,Codeforces Round 969 (Div. 1),ShadowShark,553,1725037500,1929,1981
2006,Codeforces Round 969 (Div. 1),PeruvianCartel,553,1725037500,2202,2177
2006,Codeforces Round 969 (Div. 1),gortomi,553,1725037500,2176,2157
2006,Codeforces Round 969 (Div. 1),mrthimote,553,1725037500,2228,2196
2006,Codeforces Round 969 (Div. 1),Muelsyse,557,1725037500,2390,2321
2006,Codeforces Round 969 (Div. 1),RigBuhBuh,558,1725037500,2239,2204
2006,Codeforces Round 969 (Div. 1),khepri,558,1725037500,2125,2118
2006,Codeforces Round 969 (Div. 1),yizhigop,560,1725037500,1941,1987
2006,Codeforces Round 969 (Div. 1),Hosen_ba,560,1725037500,2253,2214
2006,Codeforces Round 969 (Div. 1),Peter-007,560,1725037500,2575,2465
2006,Codeforces Round 969 (Div. 1),mircea_007,563,1725037500,2127,2118
2006,Codeforces Round 969 (Div. 1),zjjws,563,1725037500,2134,2123
2006,Codeforces Round 969 (Div. 1),I.Gleb,565,1725037500,2186,2163
2006,Codeforces Round 969 (Div. 1),GSYL,566,1725037500,2233,2198
2006,Codeforces Round 969 (Div. 1),TreeGroup,567,1725037500,1931,1979
2006,Codeforces Round 969 (Div. 1),arzhantsev64,568,1725037500,2334,2276
2006,Codeforces Round 969 (Div. 1),zsc985246,569,1725037500,2059,2067
2006,Codeforces Round 969 (Div. 1),Haorayz4,570,1725037500,2151,2134
2006,Codeforces Round 969 (Div. 1),Inkyo,570,1725037500,2120,2111
2006,Codeforces Round 969 (Div. 1),sos89756,572,1725037500,2104,2099
2006,Codeforces Round 969 (Div. 1),imtore,573,1725037500,2108,2102
2006,Codeforces Round 969 (Div. 1),kafamcokkaristi,574,1725037500,2111,2104
2006,Codeforces Round 969 (Div. 1),Shoo,575,1725037500,2110,2103
2006,Codeforces Round 969 (Div. 1),ILoveGulim,576,1725037500,2199,2170
2006,Codeforces Round 969 (Div. 1),Tang___Tang,577,1725037500,1951,1990
2006,Codeforces Round 969 (Div. 1),_morsmordre_,578,1725037500,2123,2112
2006,Codeforces Round 969 (Div. 1),kilkuwu,579,1725037500,2100,2095
2006,Codeforces Round 969 (Div. 1),Jin-Keeper,580,1725037500,2117,2107
2006,Codeforces Round 969 (Div. 1),yogzinhoo,581,1725037500,2307,2252
2006,Codeforces Round 969 (Div. 1),shorya1835,582,1725037500,2171,2147
2006,Codeforces Round 969 (Div. 1),Natsuzora,583,1725037500,2356,2290
2006,Codeforces Round 969 (Div. 1),milisav,584,1725037500,2599,2480
2006,Codeforces Round 969 (Div. 1),jaewoo2009,585,1725037500,2265,2219
2006,Codeforces Round 969 (Div. 1),ButterflyDew,585,1725037500,2209,2175
2006,Codeforces Round 969 (Div. 1),Peti,587,1725037500,2361,2293
2006,Codeforces Round 969 (Div. 1),tbank,588,1725037500,2025,2038
2006,Codeforces Round 969 (Div. 1),dyktr_06,589,1725037500,2149,2129
2006,Codeforces Round 969 (Div. 1),MiracleAutomaton,589,1725037500,2161,2203
2006,Codeforces Round 969 (Div. 1),kavorka,591,1725037500,1958,1991
2006,Codeforces Round 969 (Div. 1),Shuishui_0921,591,1725037500,2220,2183
2006,Codeforces Round 969 (Div. 1),great_fortune,593,1725037500,2043,2050
2006,Codeforces Round 969 (Div. 1),ahmetalp,594,1725037500,1961,1992
2006,Codeforces Round 969 (Div. 1),diskoteka,595,1725037500,2164,2139
2006,Codeforces Round 969 (Div. 1),Onolt_kh,596,1725037500,2265,2217
2006,Codeforces Round 969 (Div. 1),Lirnited,597,1725037500,2254,2208
2006,Codeforces Round 969 (Div. 1),shrey_gta,597,1725037500,1964,1993
2006,Codeforces Round 969 (Div. 1),mr.kolya,599,1725037500,2229,2188
2006,Codeforces Round 969 (Div. 1),AmirrzwM,599,1725037500,2187,2156
2006,Codeforces Round 969 (Div. 1),soullless,601,1725037500,2140,2120
2006,Codeforces Round 969 (Div. 1),khjoainoeg,601,1725037500,1911,1956
2006,Codeforces Round 969 (Div. 1),rtckyw_,603,1725037500,2120,2104
2006,Codeforces Round 969 (Div. 1),LYH.cpp,603,1725037500,2019,2030
2006,Codeforces Round 969 (Div. 1),gs20036,603,1725037500,2055,2056
2006,Codeforces Round 969 (Div. 1),BabaVoss,606,1725037500,2133,2114
2006,Codeforces Round 969 (Div. 1),HanakoNana,607,1725037500,2222,2181
2006,Codeforces Round 969 (Div. 1),Ya_kushat_lublu,608,1725037500,2070,2066
2006,Codeforces Round 969 (Div. 1),NinjaDoggy,609,1725037500,2072,2067
2006,Codeforces Round 969 (Div. 1),serotonin,610,1725037500,2175,2144
2006,Codeforces Round 969 (Div. 1),sha7dow,610,1725037500,2190,2155
2006,Codeforces Round 969 (Div. 1),Maezra6,610,1725037500,2165,2136
2006,Codeforces Round 969 (Div. 1),LiuXingJian,613,1725037500,2291,2233
2006,Codeforces Round 969 (Div. 1),Cu_OH_2,614,1725037500,2112,2096
2006,Codeforces Round 969 (Div. 1),Circling,615,1725037500,1989,2006
2006,Codeforces Round 969 (Div. 1),yupooh,615,1725037500,2156,2129
2006,Codeforces Round 969 (Div. 1),DaNeK0201,617,1725037500,2113,2095
2006,Codeforces Round 969 (Div. 1),RahulChugh,617,1725037500,2186,2151
2006,Codeforces Round 969 (Div. 1),rowechen,619,1725037500,1930,1964
2006,Codeforces Round 969 (Div. 1),Kokuto-Mikiya,620,1725037500,1926,1961
2006,Codeforces Round 969 (Div. 1),ahgus89,621,1725037500,2125,2104
2006,Codeforces Round 969 (Div. 1),djwcb,622,1725037500,2219,2176
2006,Codeforces Round 969 (Div. 1),caidx233,623,1725037500,2027,2031
2006,Codeforces Round 969 (Div. 1),AryRDW,623,1725037500,2049,2047
2006,Codeforces Round 969 (Div. 1),TheQuantiX,625,1725037500,2040,2039
2006,Codeforces Round 969 (Div. 1),shagou,625,1725037500,2065,2058
2006,Codeforces Round 969 (Div. 1),usmanov.ie,625,1725037500,2167,2135
2006,Codeforces Round 969 (Div. 1),temporary1,628,1725037500,1924,1958
2006,Codeforces Round 969 (Div. 1),qiut,629,1725037500,2155,2125
2006,Codeforces Round 969 (Div. 1),chengke,629,1725037500,2007,2015
2006,Codeforces Round 969 (Div. 1),markthitrin,631,1725037500,1935,1964
2006,Codeforces Round 969 (Div. 1),HCCH,632,1725037500,1961,1982
2006,Codeforces Round 969 (Div. 1),flytime,632,1725037500,2299,2236
2006,Codeforces Round 969 (Div. 1),JoseSoto,634,1725037500,2104,2085
2006,Codeforces Round 969 (Div. 1),BladeRunner,635,1725037500,2096,2079
2006,Codeforces Round 969 (Div. 1),Charming,636,1725037500,2007,2013
2006,Codeforces Round 969 (Div. 1),PieArmy,636,1725037500,2152,2121
2006,Codeforces Round 969 (Div. 1),wiritos,638,1725037500,2183,2145
2006,Codeforces Round 969 (Div. 1),sheercold,639,1725037500,2399,2314
2006,Codeforces Round 969 (Div. 1),page_fault,640,1725037500,2186,2146
2006,Codeforces Round 969 (Div. 1),shrapnelzz,640,1725037500,1920,1951
2006,Codeforces Round 969 (Div. 1),Rumors,642,1725037500,2051,2044
2006,Codeforces Round 969 (Div. 1),Ocelot_666,642,1725037500,2041,2036
2006,Codeforces Round 969 (Div. 1),codicon,644,1725037500,2153,2120
2006,Codeforces Round 969 (Div. 1),4977,645,1725037500,2161,2126
2006,Codeforces Round 969 (Div. 1),xiaozengX,646,1725037500,1975,1988
2006,Codeforces Round 969 (Div. 1),Bossusuprem,647,1725037500,2113,2089
2006,Codeforces Round 969 (Div. 1),wfb,648,1725037500,2150,2117
2006,Codeforces Round 969 (Div. 1),Lurtruoso,649,1725037500,2119,2093
2006,Codeforces Round 969 (Div. 1),Anonymous_Noob,649,1725037500,2390,2305
2006,Codeforces Round 969 (Div. 1),Jryno1,651,1725037500,1939,1961
2006,Codeforces Round 969 (Div. 1),ArtAlex,651,1725037500,2225,2174
2006,Codeforces Round 969 (Div. 1),IsaacMoris,653,1725037500,2182,2141
2006,Codeforces Round 969 (Div. 1),attempt0,653,1725037500,2125,2097
2006,Codeforces Round 969 (Div. 1),UWR_Tran,655,1725037500,1955,1971
2006,Codeforces Round 969 (Div. 1),rookiefyq,655,1725037500,1914,1943
2006,Codeforces Round 969 (Div. 1),golomb,655,1725037500,2175,2135
2006,Codeforces Round 969 (Div. 1),AKSLEGION,658,1725037500,2132,2101
2006,Codeforces Round 969 (Div. 1),dmraykhan,658,1725037500,2307,2238
2006,Codeforces Round 969 (Div. 1),hxu10,660,1725037500,2175,2134
2006,Codeforces Round 969 (Div. 1),zsmihaly,661,1725037500,2031,2025
2006,Codeforces Round 969 (Div. 1),satyam343,662,1725037500,1944,1962
2006,Codeforces Round 969 (Div. 1),Hong_Meiling,662,1725037500,1934,1955
2006,Codeforces Round 969 (Div. 1),olmrgcsi,664,1725037500,2403,2313
2006,Codeforces Round 969 (Div. 1),WQhuanm.,664,1725037500,2100,2075
2006,Codeforces Round 969 (Div. 1),Pashteticus,666,1725037500,1915,1941
2006,Codeforces Round 969 (Div. 1),CHHC,666,1725037500,1993,1995
2006,Codeforces Round 969 (Div. 1),HayleyWilliams,668,1725037500,2004,2003
2006,Codeforces Round 969 (Div. 1),Franklzh,668,1725037500,2274,2210
2006,Codeforces Round 969 (Div. 1),Wandoka,668,1725037500,2139,2104
2006,Codeforces Round 969 (Div. 1),Jakub_Woxniak,671,1725037500,1918,1941
2006,Codeforces Round 969 (Div. 1),prz1213,671,1725037500,2170,2128
2006,Codeforces Round 969 (Div. 1),wcdr,673,1725037500,2221,2167
2006,Codeforces Round 969 (Div. 1),pkhaustov,674,1725037500,2112,2083
2006,Codeforces Round 969 (Div. 1),xu826281112,675,1725037500,2019,2012
2006,Codeforces Round 969 (Div. 1),ItamarNir,676,1725037500,2118,2086
2006,Codeforces Round 969 (Div. 1),11231123,676,1725037500,2151,2112
2006,Codeforces Round 969 (Div. 1),Imagine.2019,676,1725037500,2051,2035
2006,Codeforces Round 969 (Div. 1),heidiheize,679,1725037500,2158,2117
2006,Codeforces Round 969 (Div. 1),SlipM,680,1725037500,1933,1949
2006,Codeforces Round 969 (Div. 1),Blinov_Artemii,680,1725037500,2230,2173
2006,Codeforces Round 969 (Div. 1),BowTen,680,1725037500,1977,1980
2006,Codeforces Round 969 (Div. 1),mwen,683,1725037500,2242,2182
2006,Codeforces Round 969 (Div. 1),GALA,683,1725037500,2165,2121
2006,Codeforces Round 969 (Div. 1),lecarg,685,1725037500,2029,2017
2006,Codeforces Round 969 (Div. 1),LOL_I_AM_SERZH,685,1725037500,2294,2222
2006,Codeforces Round 969 (Div. 1),Faitan,685,1725037500,2020,2010
2006,Codeforces Round 969 (Div. 1),abstract_nonsense,688,1725037500,2156,2113
2006,Codeforces Round 969 (Div. 1),cybsbbb,689,1725037500,2027,2015
2006,Codeforces Round 969 (Div. 1),blockinput,690,1725037500,1967,1970
2006,Codeforces Round 969 (Div. 1),CSHwang,690,1725037500,2216,2160
2006,Codeforces Round 969 (Div. 1),Bob_Wang,692,1725037500,1970,1972
2006,Codeforces Round 969 (Div. 1),DanielChang,693,1725037500,2295,2222
2006,Codeforces Round 969 (Div. 1),HCPS42,694,1725037500,2196,2143
2006,Codeforces Round 969 (Div. 1),tch1cherin,695,1725037500,2133,2094
2006,Codeforces Round 969 (Div. 1),yahia,696,1725037500,2258,2192
2006,Codeforces Round 969 (Div. 1),Wael_Zaiback,696,1725037500,2224,2165
2006,Codeforces Round 969 (Div. 1),zhenja,698,1725037500,2270,2201
2006,Codeforces Round 969 (Div. 1),icoder178,698,1725037500,2084,2056
2006,Codeforces Round 969 (Div. 1),qwexd,700,1725037500,2137,2096
2006,Codeforces Round 969 (Div. 1),goncharovmike,700,1725037500,2106,2072
2006,Codeforces Round 969 (Div. 1),UP84,700,1725037500,1959,1962
2006,Codeforces Round 969 (Div. 1),quokka,703,1725037500,2188,2135
2006,Codeforces Round 969 (Div. 1),britishcat,703,1725037500,1908,1925
2006,Codeforces Round 969 (Div. 1),Kuangchenrui,705,1725037500,2247,2181
2006,Codeforces Round 969 (Div. 1),sidat,705,1725037500,1987,1981
2006,Codeforces Round 969 (Div. 1),KiKoS,705,1725037500,2146,2102
2006,Codeforces Round 969 (Div. 1),dreamjoker,708,1725037500,1961,1961
2006,Codeforces Round 969 (Div. 1),brute_forceCE,708,1725037500,2140,2096
2006,Codeforces Round 969 (Div. 1),Yousef.Osama,708,1725037500,1972,1969
2006,Codeforces Round 969 (Div. 1),Prieved,711,1725037500,2236,2172
2006,Codeforces Round 969 (Div. 1),Mitsubachi,711,1725037500,2289,2214
2006,Codeforces Round 969 (Div. 1),estoy-re-sebado,713,1725037500,1999,1988
2006,Codeforces Round 969 (Div. 1),toor,714,1725037500,2336,2251
2006,Codeforces Round 969 (Div. 1),zfs732,715,1725037500,2333,2249
2006,Codeforces Round 969 (Div. 1),kunzaZa183,716,1725037500,2034,2014
2006,Codeforces Round 969 (Div. 1),youdu666,717,1725037500,1946,1948
2006,Codeforces Round 969 (Div. 1),Axial-Tilted,717,1725037500,2058,2031
2006,Codeforces Round 969 (Div. 1),Capps,717,1725037500,2123,2081
2006,Codeforces Round 969 (Div. 1),sufficiently_large_boss,720,1725037500,1987,1977
2006,Codeforces Round 969 (Div. 1),TJLG-fly,721,1725037500,1975,1968
2006,Codeforces Round 969 (Div. 1),svntn.4vr,721,1725037500,1983,1974
2006,Codeforces Round 969 (Div. 1),Eldar_H1,723,1725037500,2071,2040
2006,Codeforces Round 969 (Div. 1),charan,723,1725037500,2175,2121
2006,Codeforces Round 969 (Div. 1),I_Love_Sonechka,725,1725037500,2128,2084
2006,Codeforces Round 969 (Div. 1),DanTheMan.,726,1725037500,2315,2232
2006,Codeforces Round 969 (Div. 1),salyg1n,727,1725037500,2326,2241
2006,Codeforces Round 969 (Div. 1),Alear,727,1725037500,1911,1920
2006,Codeforces Round 969 (Div. 1),Genius_dream,727,1725037500,2159,2107
2006,Codeforces Round 969 (Div. 1),Ssoul,727,1725037500,2208,2146
2006,Codeforces Round 969 (Div. 1),invertedwinger,731,1725037500,2146,2097
2006,Codeforces Round 969 (Div. 1),_helloLad,732,1725037500,1961,1955
2006,Codeforces Round 969 (Div. 1),RDFZchenyy,732,1725037500,1970,1961
2006,Codeforces Round 969 (Div. 1),JOliva,734,1725037500,2189,2130
2006,Codeforces Round 969 (Div. 1),Dragokj03,734,1725037500,2216,2151
2006,Codeforces Round 969 (Div. 1),marc2825,736,1725037500,2167,2112
2006,Codeforces Round 969 (Div. 1),little_brush,736,1725037500,2218,2153
2006,Codeforces Round 969 (Div. 1),siewjh,738,1725037500,2064,2031
2006,Codeforces Round 969 (Div. 1),Pols_Agyi_Pols,738,1725037500,2174,2117
2006,Codeforces Round 969 (Div. 1),2018liuzhiyuan,740,1725037500,2150,2098
2006,Codeforces Round 969 (Div. 1),chennie,741,1725037500,2128,2080
2006,Codeforces Round 969 (Div. 1),tanaygad,742,1725037500,2169,2113
2006,Codeforces Round 969 (Div. 1),zhongpeilin,743,1725037500,2120,2073
2006,Codeforces Round 969 (Div. 1),andrewtam,743,1725037500,2132,2083
2006,Codeforces Round 969 (Div. 1),Lilypad,745,1725037500,1938,1935
2006,Codeforces Round 969 (Div. 1),YoMamaLover,746,1725037500,1954,1946
2006,Codeforces Round 969 (Div. 1),Muelsyse_,746,1725037500,1919,1920
2006,Codeforces Round 969 (Div. 1),xcc_szy0905,746,1725037500,2299,2216
2006,Codeforces Round 969 (Div. 1),Akarsura,749,1725037500,1952,1943
2006,Codeforces Round 969 (Div. 1),ExplodingFreeze,749,1725037500,2042,2011
2006,Codeforces Round 969 (Div. 1),MeetBrahmbhatt,749,1725037500,1917,1918
2006,Codeforces Round 969 (Div. 1),danbanica,752,1725037500,2047,2015
2006,Codeforces Round 969 (Div. 1),petamingks,752,1725037500,2226,2156
2006,Codeforces Round 969 (Div. 1),q1w2e3r4_1,754,1725037500,2276,2196
2006,Codeforces Round 969 (Div. 1),miie,754,1725037500,2014,1989
2006,Codeforces Round 969 (Div. 1),Caf_Sq,756,1725037500,2114,2066
2006,Codeforces Round 969 (Div. 1),ETO_leader,757,1725037500,2144,2090
2006,Codeforces Round 969 (Div. 1),gauss148,758,1725037500,1921,1919
2006,Codeforces Round 969 (Div. 1),Junz_LJL,759,1725037500,2100,2054
2006,Codeforces Round 969 (Div. 1),Ste,760,1725037500,2081,2039
2006,Codeforces Round 969 (Div. 1),Nisanth,761,1725037500,2156,2098
2006,Codeforces Round 969 (Div. 1),Wielomian,762,1725037500,2219,2149
2006,Codeforces Round 969 (Div. 1),turkhuu622,763,1725037500,2338,2245
2006,Codeforces Round 969 (Div. 1),FatihCihan,763,1725037500,1901,1902
2006,Codeforces Round 969 (Div. 1),altgifted,763,1725037500,2053,2016
2006,Codeforces Round 969 (Div. 1),laurxh,766,1725037500,2258,2180
2006,Codeforces Round 969 (Div. 1),lotusblume,767,1725037500,2344,2249
2006,Codeforces Round 969 (Div. 1),besukohu,768,1725037500,2171,2109
2006,Codeforces Round 969 (Div. 1),prokulijander,768,1725037500,1980,1960
2006,Codeforces Round 969 (Div. 1),The-Winner,770,1725037500,2290,2205
2006,Codeforces Round 969 (Div. 1),21cs01033,771,1725037500,2142,2085
2006,Codeforces Round 969 (Div. 1),rika,771,1725037500,2113,2062
2006,Codeforces Round 969 (Div. 1),LMeyling,771,1725037500,2147,2089
2006,Codeforces Round 969 (Div. 1),Alex2184,774,1725037500,2181,2116
2006,Codeforces Round 969 (Div. 1),Pagode_Paiva,775,1725037500,2126,2071
2006,Codeforces Round 969 (Div. 1),asupersalmon,775,1725037500,1905,1902
2006,Codeforces Round 969 (Div. 1),justbaka,777,1725037500,1931,1920
2006,Codeforces Round 969 (Div. 1),yash_babel,777,1725037500,1955,1938
2006,Codeforces Round 969 (Div. 1),Azm1t,777,1725037500,2029,1994
2006,Codeforces Round 969 (Div. 1),medmdg_3,780,1725037500,2194,2125
2006,Codeforces Round 969 (Div. 1),Kieray,781,1725037500,2223,2149
2006,Codeforces Round 969 (Div. 1),pallavgoyal136,782,1725037500,1949,1932
2006,Codeforces Round 969 (Div. 1),junie,783,1725037500,2357,2257
2006,Codeforces Round 969 (Div. 1),akua,783,1725037500,2305,2215
2006,Codeforces Round 969 (Div. 1),Morisz10,785,1725037500,2206,2134
2006,Codeforces Round 969 (Div. 1),LarrixAntofanin,785,1725037500,2052,2011
2006,Codeforces Round 969 (Div. 1),Dinprosperity,787,1725037500,1957,1937
2006,Codeforces Round 969 (Div. 1),weirdflexbutok,787,1725037500,2100,2048
2006,Codeforces Round 969 (Div. 1),ethandong,789,1725037500,1991,1963
2006,Codeforces Round 969 (Div. 1),firexial,790,1725037500,2100,2047
2006,Codeforces Round 969 (Div. 1),crossedNightTour,790,1725037500,2178,2110
2006,Codeforces Round 969 (Div. 1),sxrcodeforces,792,1725037500,1939,1922
2006,Codeforces Round 969 (Div. 1),Francesco4203,793,1725037500,1984,1956
2006,Codeforces Round 969 (Div. 1),FIorian,793,1725037500,2237,2158
2006,Codeforces Round 969 (Div. 1),xyfern,795,1725037500,1932,1916
2006,Codeforces Round 969 (Div. 1),Vitaly239239,795,1725037500,2104,2050
2006,Codeforces Round 969 (Div. 1),egneeS,797,1725037500,2283,2195
2006,Codeforces Round 969 (Div. 1),Ignut,798,1725037500,2232,2153
2006,Codeforces Round 969 (Div. 1),BiggestOtaku,799,1725037500,1914,1901
2006,Codeforces Round 969 (Div. 1),Vespertine,799,1725037500,1904,1894
2006,Codeforces Round 969 (Div. 1),fks20011206,801,1725037500,1980,1951
2006,Codeforces Round 969 (Div. 1),CF114514ancestor,801,1725037500,2012,1975
2006,Codeforces Round 969 (Div. 1),MagnusCarlsen321,803,1725037500,2138,2075
2006,Codeforces Round 969 (Div. 1),Triseedot,803,1725037500,2156,2090
2006,Codeforces Round 969 (Div. 1),EdGrass,805,1725037500,1996,1962
2006,Codeforces Round 969 (Div. 1),Liang_Yusong,806,1725037500,2050,2004
2006,Codeforces Round 969 (Div. 1),E1e3_,807,1725037500,1963,1936
2006,Codeforces Round 969 (Div. 1),daduoli,808,1725037500,2165,2096
2006,Codeforces Round 969 (Div. 1),Alexxx,809,1725037500,2104,2047
2006,Codeforces Round 969 (Div. 1),Shayan86,810,1725037500,2240,2157
2006,Codeforces Round 969 (Div. 1),shiven,811,1725037500,2244,2160
2006,Codeforces Round 969 (Div. 1),xxcdsg_plus,811,1725037500,1967,1938
2006,Codeforces Round 969 (Div. 1),tloinuy,811,1725037500,1917,1899
2006,Codeforces Round 969 (Div. 1),dogEW,814,1725037500,2480,2353
2006,Codeforces Round 969 (Div. 1),jianylg,815,1725037500,2097,2040
2006,Codeforces Round 969 (Div. 1),p__ce1052,816,1725037500,2177,2105
2006,Codeforces Round 969 (Div. 1),bestlulutw,817,1725037500,1928,1907
2006,Codeforces Round 969 (Div. 1),alinp,818,1725037500,2166,2095
2006,Codeforces Round 969 (Div. 1),envariant,819,1725037500,1994,1957
2006,Codeforces Round 969 (Div. 1),__chtholly__,819,1725037500,2125,2061
2006,Codeforces Round 969 (Div. 1),4qqqq,821,1725037500,1924,1903
2006,Codeforces Round 969 (Div. 1),cyfmd,822,1725037500,1972,1939
2006,Codeforces Round 969 (Div. 1),Nika_Tamliani,823,1725037500,2217,2136
2006,Codeforces Round 969 (Div. 1),egge,823,1725037500,2111,2049
2006,Codeforces Round 969 (Div. 1),code_like_jiangly,825,1725037500,2125,2060
2006,Codeforces Round 969 (Div. 1),fahimcp495,825,1725037500,2049,1999
2006,Codeforces Round 969 (Div. 1),GidrAcH,827,1725037500,2123,2058
2006,Codeforces Round 969 (Div. 1),Asbjorn,828,1725037500,2102,2041
2006,Codeforces Round 969 (Div. 1),ZhiGeBaiShui,829,1725037500,1949,1919
2006,Codeforces Round 969 (Div. 1),zsombor,829,1725037500,2143,2074
2006,Codeforces Round 969 (Div. 1),mr_swashbuckler,831,1725037500,2038,1988
2006,Codeforces Round 969 (Div. 1),Apteryxx,831,1725037500,2079,2021
2006,Codeforces Round 969 (Div. 1),Birds,833,1725037500,2061,2007
2006,Codeforces Round 969 (Div. 1),djs100201,834,1725037500,2209,2127
2006,Codeforces Round 969 (Div. 1),masonpop,835,1725037500,1906,1884
2006,Codeforces Round 969 (Div. 1),space_leo,835,1725037500,2035,1985
2006,Codeforces Round 969 (Div. 1),Enigmurl,837,1725037500,2031,1982
2006,Codeforces Round 969 (Div. 1),-_TIMOFEY_-,838,1725037500,2298,2200
2006,Codeforces Round 969 (Div. 1),De3b0o,839,1725037500,1934,1905
2006,Codeforces Round 969 (Div. 1),wuhudsm,840,1725037500,1960,1925
2006,Codeforces Round 969 (Div. 1),SirTechnical,841,1725037500,2111,2045
2006,Codeforces Round 969 (Div. 1),wind_cross,841,1725037500,2206,2124
2006,Codeforces Round 969 (Div. 1),sai-17,843,1725037500,2159,2084
2006,Codeforces Round 969 (Div. 1),wangmarui,844,1725037500,1953,1918
2006,Codeforces Round 969 (Div. 1),Konobeitsev_Ivan,845,1725037500,2062,2004
2006,Codeforces Round 969 (Div. 1),mzmz001,845,1725037500,2149,2075
2006,Codeforces Round 969 (Div. 1),qusol,845,1725037500,2199,2117
2006,Codeforces Round 969 (Div. 1),yud08,845,1725037500,2032,1980
2006,Codeforces Round 969 (Div. 1),Dino_saur,849,1725037500,1990,1946
2006,Codeforces Round 969 (Div. 1),stan23456,850,1725037500,2138,2066
2006,Codeforces Round 969 (Div. 1),Moeebius,851,1725037500,2194,2112
2006,Codeforces Round 969 (Div. 1),Retired_shstyle,852,1725037500,2058,2000
2006,Codeforces Round 969 (Div. 1),I_am_Domik,853,1725037500,1924,1893
2006,Codeforces Round 969 (Div. 1),niike0goood,854,1725037500,2124,2053
2006,Codeforces Round 969 (Div. 1),JeffreyLC,855,1725037500,2155,2079
2006,Codeforces Round 969 (Div. 1),ballpoint_pen,855,1725037500,2307,2205
2006,Codeforces Round 969 (Div. 1),Watersphere,857,1725037500,1993,1946
2006,Codeforces Round 969 (Div. 1),bleh0.5,858,1725037500,1900,1873
2006,Codeforces Round 969 (Div. 1),N00BGH0ST,859,1725037500,2142,2067
2006,Codeforces Round 969 (Div. 1),ma_moutahid,860,1725037500,1944,1906
2006,Codeforces Round 969 (Div. 1),SpinSpen,861,1725037500,2217,2129
2006,Codeforces Round 969 (Div. 1),bananasaur,861,1725037500,2198,2113
2006,Codeforces Round 969 (Div. 1),Intellegent,863,1725037500,2258,2163
2006,Codeforces Round 969 (Div. 1),NovusStellachan,864,1725037500,2139,2063
2006,Codeforces Round 969 (Div. 1),robotolev,864,1725037500,2102,2033
2006,Codeforces Round 969 (Div. 1),Selnev,864,1725037500,2033,1976
2006,Codeforces Round 969 (Div. 1),Daveeed,867,1725037500,2048,1988
2006,Codeforces Round 969 (Div. 1),binap,867,1725037500,2117,2045
2006,Codeforces Round 969 (Div. 1),CodigoL,869,1725037500,2200,2114
2006,Codeforces Round 969 (Div. 1),Taibo,870,1725037500,1931,1893
2006,Codeforces Round 969 (Div. 1),Timonnable,871,1725037500,1922,1886
2006,Codeforces Round 969 (Div. 1),sg0071729,872,1725037500,2283,2183
2006,Codeforces Round 969 (Div. 1),Yugi.Hacker,873,1725037500,1914,1879
2006,Codeforces Round 969 (Div. 1),polosatic,874,1725037500,2144,2066
2006,Codeforces Round 969 (Div. 1),igeee,875,1725037500,2024,1966
2006,Codeforces Round 969 (Div. 1),huyhasun,876,1725037500,2048,1985
2006,Codeforces Round 969 (Div. 1),TwinHter,876,1725037500,1913,1876
2006,Codeforces Round 969 (Div. 1),Intrigue,876,1725037500,1956,1910
2006,Codeforces Round 969 (Div. 1),yanyutao,879,1725037500,2203,2114
2006,Codeforces Round 969 (Div. 1),unlock,880,1725037500,2016,1958
2006,Codeforces Round 969 (Div. 1),LetterC67,880,1725037500,2142,2062
2006,Codeforces Round 969 (Div. 1),mncuchiinhuttt,880,1725037500,1981,1929
2006,Codeforces Round 969 (Div. 1),MrPizza,883,1725037500,1975,1924
2006,Codeforces Round 969 (Div. 1),AbdoSa3d,884,1725037500,1993,1938
2006,Codeforces Round 969 (Div. 1),chsuhan,885,1725037500,2125,2048
2006,Codeforces Round 969 (Div. 1),leanil,886,1725037500,1920,1879
2006,Codeforces Round 969 (Div. 1),LiHn,887,1725037500,2138,2058
2006,Codeforces Round 969 (Div. 1),xuanxr,887,1725037500,2050,1984
2006,Codeforces Round 969 (Div. 1),ilyastarost,889,1725037500,2192,2103
2006,Codeforces Round 969 (Div. 1),solver11,889,1725037500,1995,1938
2006,Codeforces Round 969 (Div. 1),DL1009,891,1725037500,1902,1863
2006,Codeforces Round 969 (Div. 1),kzyKT,892,1725037500,2141,2060
2006,Codeforces Round 969 (Div. 1),dqjm,893,1725037500,2089,2016
2006,Codeforces Round 969 (Div. 1),YolandaLi,894,1725037500,2151,2110
2006,Codeforces Round 969 (Div. 1),chenyanbo,895,1725037500,2458,2325
2006,Codeforces Round 969 (Div. 1),Leftist_G,896,1725037500,1910,1868
2006,Codeforces Round 969 (Div. 1),Ferume,897,1725037500,2137,2055
2006,Codeforces Round 969 (Div. 1),hesham,898,1725037500,1937,1889
2006,Codeforces Round 969 (Div. 1),piyush_pransukhka,899,1725037500,2116,2037
2006,Codeforces Round 969 (Div. 1),SubmissionRejected,900,1725037500,2080,2007
2006,Codeforces Round 969 (Div. 1),fairytaleqwq,901,1725037500,2043,1975
2006,Codeforces Round 969 (Div. 1),Wilson_Inversion,902,1725037500,2147,2063
2006,Codeforces Round 969 (Div. 1),Runaway,903,1725037500,2120,2040
2006,Codeforces Round 969 (Div. 1),hxano,904,1725037500,1943,1892
2006,Codeforces Round 969 (Div. 1),greencis,905,1725037500,2151,2065
2006,Codeforces Round 969 (Div. 1),czhang2718,906,1725037500,2209,2114
2006,Codeforces Round 969 (Div. 1),Mtaylor,907,1725037500,2284,2178
2006,Codeforces Round 969 (Div. 1),fishy15,908,1725037500,2177,2087
2006,Codeforces Round 969 (Div. 1),samliu12,909,1725037500,2176,2086
2006,Codeforces Round 969 (Div. 1),pepi_angelov,910,1725037500,1938,1886
2006,Codeforces Round 969 (Div. 1),fangz,911,1725037500,2022,1955
2006,Codeforces Round 969 (Div. 1),eggegg185,912,1725037500,2273,2168
2006,Codeforces Round 969 (Div. 1),xrz0911,913,1725037500,1928,1877
2006,Codeforces Round 969 (Div. 1),drath10,914,1725037500,1965,1907
2006,Codeforces Round 969 (Div. 1),guoxiangyu,915,1725037500,2014,1947
2006,Codeforces Round 969 (Div. 1),8Conan8,916,1725037500,2300,2190
2006,Codeforces Round 969 (Div. 1),Mukundan314,917,1725037500,1901,1853
2006,Codeforces Round 969 (Div. 1),dusty.and.rusty,918,1725037500,1957,1899
2006,Codeforces Round 969 (Div. 1),dztlb,919,1725037500,1906,1857
2006,Codeforces Round 969 (Div. 1),anton6,920,1725037500,2114,2031
2006,Codeforces Round 969 (Div. 1),astilate,921,1725037500,1998,1932
2006,Codeforces Round 969 (Div. 1),vlp,922,1725037500,2189,2094
2006,Codeforces Round 969 (Div. 1),purplevine,923,1725037500,1987,1922
2006,Codeforces Round 969 (Div. 1),ococonomy1,924,1725037500,2144,2056
2006,Codeforces Round 969 (Div. 1),EricWan,925,1725037500,2013,1943
2006,Codeforces Round 969 (Div. 1),Divine_Spark,925,1725037500,2102,2019
2006,Codeforces Round 969 (Div. 1),defnotmee,927,1725037500,2586,2426
2006,Codeforces Round 969 (Div. 1),sunzz3183,927,1725037500,2034,1961
2006,Codeforces Round 969 (Div. 1),AshrafSustS19,929,1725037500,2073,1994
2006,Codeforces Round 969 (Div. 1),lucky__389,930,1725037500,1936,1877
2006,Codeforces Round 969 (Div. 1),MagentaCobra,931,1725037500,2017,1945
2006,Codeforces Round 969 (Div. 1),ThisWasUnplanned,932,1725037500,2106,2021
2006,Codeforces Round 969 (Div. 1),remmymilkyway,933,1725037500,1904,1850
2006,Codeforces Round 969 (Div. 1),DualRed,934,1725037500,1945,1884
2006,Codeforces Round 969 (Div. 1),d.o.,935,1725037500,2144,2053
2006,Codeforces Round 969 (Div. 1),qfl_zzz,935,1725037500,1913,1856
2006,Codeforces Round 969 (Div. 1),zenlog,937,1725037500,2177,2081
2006,Codeforces Round 969 (Div. 1),Ayalla,938,1725037500,1923,1864
2006,Codeforces Round 969 (Div. 1),Rodionno,939,1725037500,2100,2015
2006,Codeforces Round 969 (Div. 1),aPNJ777,940,1725037500,2126,2037
2006,Codeforces Round 969 (Div. 1),ereoth,941,1725037500,1989,1919
2006,Codeforces Round 969 (Div. 1),csegura,942,1725037500,1916,1857
2006,Codeforces Round 969 (Div. 1),Anhdung147,943,1725037500,2250,2143
2006,Codeforces Round 969 (Div. 1),d3press3d,943,1725037500,1956,1890
2006,Codeforces Round 969 (Div. 1),onlytrall,945,1725037500,1936,1872
2006,Codeforces Round 969 (Div. 1),Nazivin,946,1725037500,1919,1858
2006,Codeforces Round 969 (Div. 1),xvzhiming,947,1725037500,2113,2024
2006,Codeforces Round 969 (Div. 1),annyeong1,947,1725037500,2017,1941
2006,Codeforces Round 969 (Div. 1),raphaelp,949,1725037500,2044,1964
2006,Codeforces Round 969 (Div. 1),dimash1,949,1725037500,2130,2038
2006,Codeforces Round 969 (Div. 1),cherryk,951,1725037500,2104,2015
2006,Codeforces Round 969 (Div. 1),sv1shan,952,1725037500,2049,1967
2006,Codeforces Round 969 (Div. 1),JELlylous,953,1725037500,1930,1864
2006,Codeforces Round 969 (Div. 1),Sunnatov,954,1725037500,2234,2127
2006,Codeforces Round 969 (Div. 1),Kouba64,955,1725037500,2083,2040
2006,Codeforces Round 969 (Div. 1),Keeeeepy,956,1725037500,1933,1866
2006,Codeforces Round 969 (Div. 1),int233233,957,1725037500,2135,2041
2006,Codeforces Round 969 (Div. 1),guominzhengdang,957,1725037500,1963,1891
2006,Codeforces Round 969 (Div. 1),Tyx2019,959,1725037500,2179,2079
2006,Codeforces Round 969 (Div. 1),Pirate_King,960,1725037500,1911,1845
2006,Codeforces Round 969 (Div. 1),I_HATE_CONSTRUCTIVES,960,1725037500,2080,1992
2006,Codeforces Round 969 (Div. 1),andrey.m,960,1725037500,2043,1959
2006,Codeforces Round 969 (Div. 1),aries_yff,963,1725037500,1963,1889
2006,Codeforces Round 969 (Div. 1),Jin_Silk,964,1725037500,2003,1924
2006,Codeforces Round 969 (Div. 1),ibrm,964,1725037500,1930,1860
2006,Codeforces Round 969 (Div. 1),Nakano_Yotsuba,966,1725037500,1911,1843
2006,Codeforces Round 969 (Div. 1),AustinJiang,967,1725037500,1904,1836
2006,Codeforces Round 969 (Div. 1),IATI_Gold,967,1725037500,2178,2076
2006,Codeforces Round 969 (Div. 1),SL0NYARA,969,1725037500,2050,1964
2006,Codeforces Round 969 (Div. 1),gigachau,970,1725037500,1948,1874
2006,Codeforces Round 969 (Div. 1),alllife,970,1725037500,2050,1963
2006,Codeforces Round 969 (Div. 1),zkw465,972,1725037500,1950,1875
2006,Codeforces Round 969 (Div. 1),farkon00,973,1725037500,2216,2109
2006,Codeforces Round 969 (Div. 1),radlergaenger,974,1725037500,1996,1915
2006,Codeforces Round 969 (Div. 1),dongggle,975,1725037500,2181,2078
2006,Codeforces Round 969 (Div. 1),tepchik,976,1725037500,2069,1979
2006,Codeforces Round 969 (Div. 1),Arnob,976,1725037500,1950,1873
2006,Codeforces Round 969 (Div. 1),I_love_maxaxaxaxa,978,1725037500,1967,1888
2006,Codeforces Round 969 (Div. 1),kinnikuma,979,1725037500,2035,1948
2006,Codeforces Round 969 (Div. 1),Sanam007_2,980,1725037500,1909,1836
2006,Codeforces Round 969 (Div. 1),Surver,981,1725037500,2028,1941
2006,Codeforces Round 969 (Div. 1),mxfld,981,1725037500,1912,1838
2006,Codeforces Round 969 (Div. 1),wilson_,983,1725037500,1953,1874
2006,Codeforces Round 969 (Div. 1),Proof_by_QED,984,1725037500,2007,1922
2006,Codeforces Round 969 (Div. 1),harshaa005,985,1725037500,1932,1854
2006,Codeforces Round 969 (Div. 1),jununu0811,986,1725037500,2010,1924
2006,Codeforces Round 969 (Div. 1),PMPuns,987,1725037500,2165,2061
2006,Codeforces Round 969 (Div. 1),yueyuanzhiyyz,988,1725037500,1973,1890
2006,Codeforces Round 969 (Div. 1),ren_fan,988,1725037500,1906,1830
2006,Codeforces Round 969 (Div. 1),romarkovets,990,1725037500,2163,2059
2006,Codeforces Round 969 (Div. 1),SoReMore,991,1725037500,1994,1908
2006,Codeforces Round 969 (Div. 1),ngocnghia,992,1725037500,1910,1877
2006,Codeforces Round 969 (Div. 1),Lucina,993,1725037500,2281,2162
2006,Codeforces Round 969 (Div. 1),Amao_Fox,994,1725037500,2022,1932
2006,Codeforces Round 969 (Div. 1),bluerar,994,1725037500,1918,1838
2006,Codeforces Round 969 (Div. 1),pdpgp1,996,1725037500,1969,1884
2006,Codeforces Round 969 (Div. 1),L_Lawliet_returns,997,1725037500,2011,1921
2006,Codeforces Round 969 (Div. 1),thehunterjames,998,1725037500,1946,1862
2006,Codeforces Round 969 (Div. 1),mita,999,1725037500,1959,1874
2006,Codeforces Round 969 (Div. 1),fanwen,1000,1725037500,1958,1872
2006,Codeforces Round 969 (Div. 1),lvle,1001,1725037500,2103,2003
2006,Codeforces Round 969 (Div. 1),aastik231205,1002,1725037500,1928,1844
2006,Codeforces Round 969 (Div. 1),aditya_coder7,1003,1725037500,2024,1931
2006,Codeforces Round 969 (Div. 1),happy_lazier,1004,1725037500,1904,1822
2006,Codeforces Round 969 (Div. 1),Away_in_the_heavens,1005,1725037500,1943,1857
2006,Codeforces Round 969 (Div. 1),shubham6105,1006,1725037500,1903,1820
2006,Codeforces Round 969 (Div. 1),pantom,1007,1725037500,1917,1832
2006,Codeforces Round 969 (Div. 1),jamil314,1008,1725037500,1933,1846
2006,Codeforces Round 969 (Div. 1),k1suxu,1009,1725037500,2157,2047
2006,Codeforces Round 969 (Div. 1),duck_pear,1009,1725037500,2111,2005
2006,Codeforces Round 969 (Div. 1),XZRSEVEN,1009,1725037500,2075,1972
2006,Codeforces Round 969 (Div. 1),Elup,1009,1725037500,2133,2025
2006,Codeforces Round 969 (Div. 1),RabbieWjy,1009,1725037500,2001,1904
2006,Codeforces Round 969 (Div. 1),Wxssim,1009,1725037500,2186,2073
2006,Codeforces Round 969 (Div. 1),year2202,1009,1725037500,2108,2048
2006,Codeforces Round 969 (Div. 1),Mr.Pie,1009,1725037500,1949,1855
2006,Codeforces Round 969 (Div. 1),Lehe,1009,1725037500,2048,1947
2006,Codeforces Round 969 (Div. 1),sunkaihuan,1009,1725037500,2155,2045
2006,Codeforces Round 969 (Div. 1),DerrickLo,1009,1725037500,1954,1860
2006,Codeforces Round 969 (Div. 1),SeaYellow,1009,1725037500,1907,1815
2006,Codeforces Round 969 (Div. 1),su_da,1009,1725037500,2134,2026
2006,Codeforces Round 969 (Div. 1),6ziv,1009,1725037500,2159,2049
2006,Codeforces Round 969 (Div. 1),DGME,1009,1725037500,1919,1827
2006,Codeforces Round 969 (Div. 1),DmitryLzr,1009,1725037500,2148,2039
