Timestamp,Price
2025-03-29 23:22:19,70.65
2025-03-29 23:22:20,70.65
2025-03-29 23:22:21,70.65
2025-03-29 23:22:22,77.35
2025-03-29 23:22:23,77.35
2025-03-29 23:22:24,77.35
2025-03-29 23:22:25,76.9
2025-03-29 23:22:28,76.25
2025-03-29 23:22:30,76.25
2025-03-29 23:22:31,75.8
2025-03-29 23:22:33,75.8
2025-03-29 23:22:34,75.15
2025-03-29 23:22:35,75.15
2025-03-29 23:22:37,74.7
2025-03-29 23:22:38,74.7
2025-03-29 23:22:39,74.7
2025-03-29 23:22:40,74.05
2025-03-29 23:22:41,74.05
2025-03-29 23:22:42,74.05
2025-03-29 23:22:43,73.6
2025-03-29 23:22:44,73.6
2025-03-29 23:22:45,73.6
2025-03-29 23:22:47,72.95
2025-03-29 23:22:48,72.95
2025-03-29 23:22:49,72.5
2025-03-29 23:22:50,72.5
2025-03-29 23:22:51,72.5
2025-03-29 23:22:52,71.85
2025-03-29 23:22:53,71.85
2025-03-29 23:22:55,71.85
2025-03-29 23:22:56,71.4
2025-03-29 23:22:57,71.4
2025-03-29 23:22:58,70.75
2025-03-29 23:22:59,70.75
2025-03-29 23:23:00,70.75
2025-03-29 23:23:01,70.3
2025-03-29 23:23:02,70.3
2025-03-29 23:23:03,70.3
2025-03-29 23:23:04,69.65
2025-03-29 23:23:06,69.65
2025-03-29 23:23:07,69.2
2025-03-29 23:23:08,69.2
2025-03-29 23:23:11,68.55
2025-03-29 23:23:12,68.55
2025-03-29 23:23:13,68.1
2025-03-29 23:23:14,68.1
2025-03-29 23:23:15,68.1
2025-03-29 23:23:18,67.45
2025-03-29 23:23:19,67
2025-03-29 23:23:21,67
2025-03-29 23:23:22,66.35
2025-03-29 23:23:26,65.9
2025-03-29 23:23:28,65.25
2025-03-29 23:23:29,65.25
2025-03-29 23:23:30,65.25
2025-03-29 23:23:31,64.8
2025-03-29 23:23:33,64.8
2025-03-29 23:23:34,64.15
2025-03-29 23:23:36,64.15
2025-03-29 23:23:37,63.7
2025-03-29 23:23:38,63.7
2025-03-29 23:23:39,63.7
2025-03-29 23:23:40,63.05
2025-03-29 23:23:42,63.05
2025-03-29 23:23:44,62.6
2025-03-29 23:23:46,61.95
2025-03-29 23:23:47,61.95
2025-03-29 23:23:48,61.95
2025-03-29 23:23:49,61.5
2025-03-29 23:23:50,61.5
2025-03-29 23:23:51,61.5
2025-03-29 23:23:52,60.85
2025-03-29 23:23:53,60.85
2025-03-29 23:23:55,60.4
2025-03-29 23:23:56,60.4
2025-03-29 23:23:58,59.75
2025-03-29 23:23:59,59.75
2025-03-29 23:24:00,59.75
2025-03-29 23:24:01,59.3
2025-03-29 23:24:02,59.3
2025-03-29 23:24:03,59.3
2025-03-29 23:24:04,58.65
2025-03-29 23:24:05,58.65
2025-03-29 23:24:06,58.65
2025-03-29 23:24:07,58.2
2025-03-29 23:24:08,58.2
2025-03-29 23:24:09,58.2
2025-03-29 23:24:10,57.55
2025-03-29 23:24:11,57.55
2025-03-29 23:24:12,57.55
2025-03-29 23:24:13,57.1
2025-03-29 23:24:14,57.1
2025-03-29 23:24:16,56.45
2025-03-29 23:24:17,56.45
2025-03-29 23:24:18,56.45
2025-03-29 23:24:19,56
2025-03-29 23:24:20,56
2025-03-29 23:24:21,56
2025-03-29 23:24:22,55.35
2025-03-29 23:24:23,55.35
2025-03-29 23:24:34,54.25
2025-03-29 23:24:37,53.8
2025-03-29 23:24:38,53.8
2025-03-29 23:24:39,53.8
2025-03-29 23:24:40,53.15
2025-03-29 23:24:41,53.15
2025-03-29 23:24:42,53.15
2025-03-29 23:24:44,52.7
2025-03-29 23:24:46,52.05
2025-03-29 23:24:47,52.05
2025-03-29 23:24:48,52.05
2025-03-29 23:24:49,51.6
2025-03-29 23:24:50,51.6
2025-03-29 23:24:51,51.6
2025-03-29 23:24:52,50.95
2025-03-29 23:24:53,50.95
2025-03-29 23:24:54,50.95
2025-03-29 23:24:55,50.5
2025-03-29 23:24:58,49.85
2025-03-29 23:24:59,49.85
2025-03-29 23:25:00,49.85
2025-03-29 23:25:01,49.4
2025-03-29 23:25:02,49.4
2025-03-29 23:25:03,49.4
2025-03-29 23:25:04,48.75
2025-03-29 23:25:05,48.75
2025-03-29 23:25:06,48.3
2025-03-29 23:25:08,48.3
2025-03-29 23:25:09,48.3
2025-03-29 23:25:10,47.65
2025-03-29 23:25:11,47.65
2025-03-29 23:25:12,47.65
2025-03-29 23:25:13,47.2
2025-03-29 23:25:14,47.2
2025-03-29 23:25:15,46.55
2025-03-29 23:25:17,46.55
2025-03-29 23:25:18,46.55
2025-03-29 23:25:19,46.1
2025-03-29 23:25:20,46.1
2025-03-29 23:25:22,45.45
2025-03-29 23:25:23,45.45
2025-03-29 23:25:24,45.45
2025-03-29 23:25:25,45
2025-03-29 23:25:26,45
2025-03-29 23:25:28,44.35
2025-03-29 23:25:29,44.35
2025-03-29 23:25:30,44.35
2025-03-29 23:25:31,43.9
2025-03-29 23:25:32,43.9
2025-03-29 23:25:33,43.9
2025-03-29 23:25:34,43.25
2025-03-29 23:25:35,43.25
2025-03-29 23:25:37,42.8
2025-03-29 23:25:38,42.8
2025-03-29 23:25:39,42.8
2025-03-29 23:25:40,42.15
2025-03-29 23:25:41,42.15
2025-03-29 23:25:42,42.15
2025-03-29 23:25:43,41.7
2025-03-29 23:25:44,41.7
2025-03-29 23:25:46,41.05
2025-03-29 23:25:47,41.05
2025-03-29 23:25:49,40.6
2025-03-29 23:25:51,40.6
2025-03-29 23:25:52,39.95
2025-03-29 23:25:53,39.95
2025-03-29 23:25:54,39.95
2025-03-29 23:25:55,39.5
2025-03-29 23:25:56,39.5
2025-03-29 23:25:57,39.5
2025-03-29 23:25:58,38.85
2025-03-29 23:26:00,38.85
2025-03-29 23:26:01,38.4
2025-03-29 23:26:02,38.4
2025-03-29 23:26:03,38.4
2025-03-29 23:26:04,37.75
2025-03-29 23:26:05,37.75
2025-03-29 23:26:06,37.75
2025-03-29 23:26:07,37.3
2025-03-29 23:26:08,37.3
2025-03-29 23:26:09,37.3
2025-03-29 23:26:10,36.65
2025-03-29 23:26:12,36.65
2025-03-29 23:26:13,36.2
2025-03-29 23:26:15,36.2
2025-03-29 23:26:17,35.55
2025-03-29 23:26:18,35.55
2025-03-29 23:26:19,35.1
2025-03-29 23:26:20,35.1
2025-03-29 23:26:22,34.45
2025-03-29 23:26:23,34.45
2025-03-29 23:26:24,34.45
2025-03-29 23:26:25,34
2025-03-29 23:26:26,34
2025-03-29 23:26:27,34
2025-03-29 23:26:28,33.35
2025-03-29 23:26:29,33.35
2025-03-29 23:26:30,33.35
2025-03-29 23:26:31,32.9
2025-03-29 23:26:32,32.9
2025-03-29 23:26:33,32.9
2025-03-29 23:26:34,32.25
2025-03-29 23:26:35,32.25
2025-03-29 23:26:36,32.25
2025-03-29 23:26:37,78
2025-03-29 23:26:38,78
2025-03-29 23:26:40,77.35
2025-03-29 23:26:41,77.35
2025-03-29 23:26:42,77.35
2025-03-29 23:26:43,76.9
2025-03-29 23:26:44,76.9
2025-03-29 23:26:46,76.25
2025-03-29 23:26:47,76.25
2025-03-29 23:26:48,76.25
2025-03-29 23:26:49,75.8
2025-03-29 23:26:51,75.8
2025-03-29 23:26:52,75.15
2025-03-29 23:26:53,75.15
2025-03-29 23:26:54,75.15
2025-03-29 23:26:55,74.7
2025-03-29 23:26:56,74.7
2025-03-29 23:26:57,74.7
2025-03-29 23:26:58,74.05
2025-03-29 23:27:00,74.05
2025-03-29 23:27:02,73.6
2025-03-29 23:27:05,72.95
2025-03-29 23:27:08,72.5
2025-03-29 23:27:09,72.5
2025-03-29 23:27:10,71.85
2025-03-29 23:27:12,71.85
2025-03-29 23:27:16,70.75
2025-03-29 23:27:19,70.3
2025-03-29 23:27:21,70.3
2025-03-29 23:27:22,69.65
2025-03-29 23:27:23,69.65
2025-03-29 23:27:26,69.2
2025-03-29 23:27:27,69.2
2025-03-29 23:27:28,68.55
2025-03-29 23:27:29,68.55
2025-03-29 23:27:31,68.1
2025-03-29 23:27:32,68.1
2025-03-29 23:27:33,68.1
2025-03-29 23:27:34,67.45
2025-03-29 23:27:35,67.45
2025-03-29 23:27:36,67.45
2025-03-29 23:27:37,67
2025-03-29 23:27:38,67
2025-03-29 23:27:39,67
2025-03-29 23:27:40,66.35
2025-03-29 23:27:41,66.35
2025-03-29 23:27:43,65.9
2025-03-29 23:27:44,65.9
2025-03-29 23:27:45,65.9
2025-03-29 23:27:46,65.25
2025-03-29 23:27:47,65.25
2025-03-29 23:27:48,65.25
2025-03-29 23:27:49,64.8
2025-03-29 23:27:51,64.8
2025-03-29 23:27:52,64.15
2025-03-29 23:27:53,64.15
2025-03-29 23:27:54,64.15
2025-03-29 23:27:55,63.7
2025-03-29 23:27:56,63.7
2025-03-29 23:27:57,63.05
2025-03-29 23:27:59,63.05
2025-03-29 23:28:00,63.05
2025-03-29 23:28:01,62.6
2025-03-29 23:28:02,62.6
2025-03-29 23:28:03,62.6
2025-03-29 23:28:04,61.95
2025-03-29 23:28:05,61.95
2025-03-29 23:28:06,61.95
2025-03-29 23:28:07,61.5
2025-03-29 23:28:08,61.5
2025-03-29 23:28:09,61.5
2025-03-29 23:28:10,60.85
2025-03-29 23:28:11,60.85
2025-03-29 23:28:12,60.85
2025-03-29 23:28:13,60.4
2025-03-29 23:28:15,60.4
2025-03-29 23:28:16,59.75
2025-03-29 23:28:17,59.75
2025-03-29 23:28:18,59.75
2025-03-29 23:28:19,59.3
2025-03-29 23:28:20,59.3
2025-03-29 23:28:21,59.3
2025-03-29 23:28:22,58.65
2025-03-29 23:28:24,58.65
2025-03-29 23:28:25,58.2
2025-03-29 23:28:26,58.2
2025-03-29 23:28:27,58.2
2025-03-29 23:28:28,57.55
2025-03-29 23:28:29,57.55
2025-03-29 23:28:30,57.55
2025-03-29 23:28:31,57.1
2025-03-29 23:28:32,57.1
2025-03-29 23:28:33,57.1
2025-03-29 23:28:34,56.45
2025-03-29 23:28:35,56.45
2025-03-29 23:28:36,56.45
2025-03-29 23:28:37,56
2025-03-29 23:28:39,56
2025-03-29 23:28:40,55.35
2025-03-29 23:28:41,55.35
2025-03-29 23:28:42,55.35
2025-03-29 23:28:43,54.9
2025-03-29 23:28:44,54.9
2025-03-29 23:28:45,54.9
2025-03-29 23:28:46,54.25
2025-03-29 23:28:47,54.25
2025-03-29 23:28:48,54.25
2025-03-29 23:28:49,53.8
2025-03-29 23:28:50,53.8
2025-03-29 23:28:51,53.8
2025-03-29 23:28:53,53.15
2025-03-29 23:28:54,53.15
2025-03-29 23:28:55,52.7
2025-03-29 23:28:56,52.7
2025-03-29 23:28:57,52.7
2025-03-29 23:28:58,52.05
2025-03-29 23:28:59,52.05
2025-03-29 23:29:00,52.05
2025-03-29 23:29:01,51.6
2025-03-29 23:29:02,51.6
2025-03-29 23:29:03,51.6
2025-03-29 23:29:04,50.95
2025-03-29 23:29:06,50.95
2025-03-29 23:29:07,50.5
2025-03-29 23:29:08,50.5
2025-03-29 23:29:09,50.5
2025-03-29 23:29:10,49.85
2025-03-29 23:29:11,49.85
2025-03-29 23:29:12,49.85
2025-03-29 23:29:13,49.4
2025-03-29 23:29:14,49.4
2025-03-29 23:29:15,49.4
2025-03-29 23:29:16,48.75
2025-03-29 23:29:18,48.75
2025-03-29 23:29:19,48.3
2025-03-29 23:29:20,48.3
2025-03-29 23:29:21,48.3
2025-03-29 23:29:22,47.65
2025-03-29 23:29:24,47.65
2025-03-29 23:29:25,47.65
2025-03-29 23:29:26,47.2
2025-03-29 23:29:27,47.2
2025-03-29 23:29:28,46.55
2025-03-29 23:29:29,46.55
2025-03-29 23:29:30,46.55
2025-03-29 23:29:31,46.1
2025-03-29 23:29:32,46.1
2025-03-29 23:29:33,46.1
2025-03-29 23:29:35,45.45
2025-03-29 23:29:36,45.45
2025-03-29 23:29:37,45
2025-03-29 23:29:38,45
2025-03-29 23:29:39,45
2025-03-29 23:29:40,44.35
2025-03-29 23:29:41,44.35
2025-03-29 23:29:42,44.35
2025-03-29 23:29:43,43.9
2025-03-29 23:29:44,43.9
2025-03-29 23:29:45,43.9
2025-03-29 23:29:46,43.9
2025-03-29 23:29:47,43.9
2025-03-29 23:29:48,43.9
2025-03-29 23:29:50,43.9
2025-03-29 23:29:52,43.9
2025-03-29 23:29:53,43.9
2025-03-29 23:29:54,43.9
2025-03-29 23:29:55,43.9
2025-03-29 23:29:56,43.9
2025-03-29 23:29:57,43.9
2025-03-29 23:29:58,43.9
2025-03-29 23:29:59,43.9
2025-03-29 23:30:00,43.9
2025-03-29 23:30:01,43.9
2025-03-29 23:30:02,43.9
2025-03-29 23:30:03,43.9
2025-03-29 23:30:04,43.9
2025-03-29 23:30:05,43.9
2025-03-29 23:30:07,43.9
2025-03-29 23:30:08,43.9
2025-03-29 23:30:09,43.9
2025-03-29 23:30:10,43.9
2025-03-29 23:30:11,43.9
2025-03-29 23:30:12,43.9
2025-03-29 23:30:13,43.25
2025-03-29 23:30:14,43.25
2025-03-29 23:30:15,43.25
2025-03-29 23:30:16,43.25
2025-03-29 23:30:17,43.25
2025-03-29 23:30:19,43.25
2025-03-29 23:30:20,43.25
2025-03-29 23:30:21,43.25
2025-03-29 23:30:22,43.25
2025-03-29 23:30:23,43.25
2025-03-29 23:30:24,43.25
2025-03-29 23:30:25,43.25
2025-03-29 23:30:26,43.25
2025-03-29 23:30:27,43.25
2025-03-29 23:30:28,43.25
2025-03-29 23:30:29,43.25
2025-03-29 23:30:30,43.25
2025-03-29 23:30:31,43.25
2025-03-29 23:30:32,43.25
2025-03-29 23:30:33,43.25
2025-03-29 23:30:34,43.25
2025-03-29 23:30:35,43.25
2025-03-29 23:30:36,43.25
2025-03-29 23:30:37,43.25
2025-03-29 23:30:39,43.25
2025-03-29 23:30:40,43.25
2025-03-29 23:30:41,43.25
2025-03-29 23:30:42,43.25
2025-03-29 23:30:43,43.25
2025-03-29 23:30:44,43.25
2025-03-29 23:30:45,43.25
2025-03-29 23:30:46,43.25
2025-03-29 23:30:47,43.25
2025-03-29 23:30:48,43.25
2025-03-29 23:30:49,43.25
2025-03-29 23:30:50,43.25
2025-03-29 23:30:51,43.25
2025-03-29 23:30:52,43.25
2025-03-29 23:30:53,43.25
2025-03-29 23:30:54,43.25
2025-03-29 23:30:55,43.25
2025-03-29 23:30:56,43.25
2025-03-29 23:30:57,43.25
2025-03-29 23:31:06,43.25
2025-03-29 23:31:07,43.25
2025-03-29 23:31:08,43.25
2025-03-29 23:31:09,43.25
2025-03-29 23:31:10,43.25
2025-03-29 23:31:11,43.25
2025-03-29 23:31:12,43.25
2025-03-29 23:31:13,42.8
2025-03-29 23:31:14,42.8
2025-03-29 23:31:15,42.8
2025-03-29 23:31:16,42.8
2025-03-29 23:31:17,42.8
2025-03-29 23:31:19,42.8
2025-03-29 23:31:20,42.8
2025-03-29 23:31:21,42.8
2025-03-29 23:31:22,42.8
2025-03-29 23:31:23,42.8
2025-03-29 23:31:24,42.8
2025-03-29 23:31:25,42.8
2025-03-29 23:31:26,42.8
2025-03-29 23:31:27,42.8
2025-03-29 23:31:28,42.8
2025-03-29 23:31:29,42.8
2025-03-29 23:31:30,42.8
2025-03-29 23:31:31,42.8
2025-03-29 23:31:32,42.8
2025-03-29 23:31:33,42.8
2025-03-29 23:31:34,42.8
2025-03-29 23:31:35,42.8
2025-03-29 23:31:36,42.8
2025-03-29 23:31:37,42.8
2025-03-29 23:31:38,42.8
2025-03-29 23:31:39,42.8
2025-03-29 23:31:40,42.8
2025-03-29 23:31:42,42.8
2025-03-29 23:31:43,42.8
2025-03-29 23:31:44,42.8
2025-03-29 23:31:45,42.8
2025-03-29 23:31:46,42.8
2025-03-29 23:31:47,42.8
2025-03-29 23:31:48,42.8
2025-03-29 23:31:49,42.8
2025-03-29 23:31:50,42.8
2025-03-29 23:31:51,42.8
2025-03-29 23:31:52,42.8
2025-03-29 23:31:53,42.8
2025-03-29 23:31:54,42.8
2025-03-29 23:31:55,42.8
2025-03-29 23:31:56,42.8
2025-03-29 23:31:57,42.8
2025-03-29 23:31:58,42.8
2025-03-29 23:31:59,42.8
2025-03-29 23:32:00,42.8
2025-03-29 23:32:01,42.8
2025-03-29 23:32:02,42.8
2025-03-29 23:32:03,42.8
2025-03-29 23:32:05,42.8
2025-03-29 23:32:06,42.8
2025-03-29 23:32:07,42.8
2025-03-29 23:32:08,42.8
2025-03-29 23:32:09,42.8
2025-03-29 23:32:10,42.8
2025-03-29 23:32:11,42.8
2025-03-29 23:32:12,42.8
2025-03-29 23:32:13,42.15
2025-03-29 23:32:14,42.15
2025-03-29 23:32:15,42.15
2025-03-29 23:32:16,42.15
2025-03-29 23:32:17,42.15
2025-03-29 23:32:18,42.15
2025-03-29 23:32:19,42.15
2025-03-29 23:32:20,42.15
2025-03-29 23:32:22,42.15
2025-03-29 23:32:23,42.15
2025-03-29 23:32:24,42.15
2025-03-29 23:32:25,42.15
2025-03-29 23:32:26,42.15
2025-03-29 23:32:28,42.15
2025-03-29 23:32:29,42.15
2025-03-29 23:32:30,42.15
2025-03-29 23:32:31,42.15
2025-03-29 23:32:32,42.15
2025-03-29 23:32:33,42.15
2025-03-29 23:32:34,42.15
2025-03-29 23:32:35,42.15
2025-03-29 23:32:36,42.15
2025-03-29 23:32:37,42.15
2025-03-29 23:32:38,42.15
2025-03-29 23:32:39,42.15
2025-03-29 23:32:40,42.15
2025-03-29 23:32:41,42.15
2025-03-29 23:32:42,42.15
2025-03-29 23:32:44,42.15
2025-03-29 23:32:45,42.15
2025-03-29 23:32:46,42.15
2025-03-29 23:32:47,42.15
2025-03-29 23:32:48,42.15
2025-03-29 23:32:49,42.15
2025-03-29 23:32:50,42.15
2025-03-29 23:32:51,42.15
2025-03-29 23:32:52,42.15
2025-03-29 23:32:53,42.15
2025-03-29 23:32:54,42.15
2025-03-29 23:32:55,42.15
2025-03-29 23:32:56,42.15
2025-03-29 23:32:57,42.15
2025-03-29 23:32:58,42.15
2025-03-29 23:33:00,42.15
2025-03-29 23:33:01,42.15
2025-03-29 23:33:02,42.15
2025-03-29 23:33:03,42.15
2025-03-29 23:33:04,42.15
2025-03-29 23:33:05,42.15
2025-03-29 23:33:06,42.15
2025-03-29 23:33:07,42.15
2025-03-29 23:33:08,42.15
2025-03-29 23:33:09,42.15
2025-03-29 23:33:10,42.15
2025-03-29 23:33:11,42.15
2025-03-29 23:33:12,42.15
2025-03-29 23:33:13,41.7
2025-03-29 23:33:15,41.7
2025-03-29 23:33:16,41.7
2025-03-29 23:33:17,41.7
2025-03-29 23:33:18,41.7
2025-03-29 23:33:19,41.7
2025-03-29 23:33:20,41.7
2025-03-29 23:33:21,41.7
2025-03-29 23:33:22,41.7
2025-03-29 23:33:23,41.7
2025-03-29 23:33:24,41.7
2025-03-29 23:33:25,41.7
2025-03-29 23:33:26,41.7
2025-03-29 23:33:27,41.7
2025-03-29 23:33:28,41.7
2025-03-29 23:33:29,41.7
2025-03-29 23:33:30,41.7
2025-03-29 23:33:31,41.7
2025-03-29 23:33:32,41.7
2025-03-29 23:33:33,41.7
2025-03-29 23:33:34,41.7
2025-03-29 23:33:35,41.7
2025-03-29 23:33:36,41.7
2025-03-29 23:33:38,41.7
2025-03-29 23:33:39,41.7
2025-03-29 23:33:40,41.7
2025-03-29 23:33:41,41.7
2025-03-29 23:33:42,41.7
2025-03-29 23:33:43,41.7
2025-03-29 23:33:44,41.7
2025-03-29 23:33:45,41.7
2025-03-29 23:33:46,41.7
2025-03-29 23:33:47,41.7
2025-03-29 23:33:48,41.7
2025-03-29 23:33:49,41.7
2025-03-29 23:33:50,41.7
2025-03-29 23:33:55,41.7
2025-03-29 23:33:58,41.7
2025-03-29 23:33:59,41.7
2025-03-29 23:34:00,41.7
2025-03-29 23:34:01,41.7
2025-03-29 23:34:02,41.7
2025-03-29 23:34:03,41.7
2025-03-29 23:34:05,41.7
2025-03-29 23:34:09,41.7
2025-03-29 23:34:10,41.7
2025-03-29 23:34:12,41.7
2025-03-29 23:34:16,41.05
2025-03-29 23:34:18,41.05
2025-03-29 23:34:19,41.05
2025-03-29 23:34:20,41.05
2025-03-29 23:34:22,41.05
2025-03-29 23:34:23,41.05
2025-03-29 23:34:25,41.05
2025-03-29 23:34:26,41.05
2025-03-29 23:34:27,41.05
2025-03-29 23:34:28,41.05
2025-03-29 23:34:30,41.05
2025-03-29 23:34:31,41.05
2025-03-29 23:34:32,41.05
2025-03-29 23:34:33,41.05
2025-03-29 23:34:34,41.05
2025-03-29 23:34:35,41.05
2025-03-29 23:34:36,41.05
2025-03-29 23:34:37,41.05
2025-03-29 23:34:38,41.05
2025-03-29 23:34:39,41.05
2025-03-29 23:34:40,41.05
2025-03-29 23:34:41,41.05
2025-03-29 23:34:42,41.05
2025-03-29 23:34:43,41.05
2025-03-29 23:34:44,41.05
2025-03-29 23:34:45,41.05
2025-03-29 23:34:46,41.05
2025-03-29 23:34:47,41.05
2025-03-29 23:34:48,41.05
2025-03-29 23:34:50,41.05
2025-03-29 23:34:51,41.05
2025-03-29 23:34:52,41.05
2025-03-29 23:34:53,41.05
2025-03-29 23:34:54,41.05
2025-03-29 23:34:55,41.05
2025-03-29 23:34:56,41.05
2025-03-29 23:34:57,41.05
2025-03-29 23:34:58,41.05
2025-03-29 23:34:59,41.05
2025-03-29 23:35:00,41.05
2025-03-29 23:35:01,41.05
2025-03-29 23:35:02,41.05
2025-03-29 23:35:03,41.05
2025-03-29 23:35:04,41.05
2025-03-29 23:35:05,41.05
2025-03-29 23:35:06,41.05
2025-03-29 23:35:07,41.05
2025-03-29 23:35:08,41.05
2025-03-29 23:35:09,41.05
2025-03-29 23:35:11,41.05
2025-03-29 23:35:12,41.05
2025-03-29 23:35:13,41.05
2025-03-29 23:35:14,40.6
2025-03-29 23:35:15,40.6
2025-03-29 23:35:16,40.6
2025-03-29 23:35:17,40.6
2025-03-29 23:35:19,40.6
2025-03-29 23:35:20,40.6
2025-03-29 23:35:21,40.6
2025-03-29 23:35:22,40.6
2025-03-29 23:35:23,40.6
2025-03-29 23:35:24,40.6
2025-03-29 23:35:25,40.6
2025-03-29 23:35:26,40.6
2025-03-29 23:35:27,40.6
2025-03-29 23:35:28,40.6
2025-03-29 23:35:29,40.6
2025-03-29 23:35:30,40.6
2025-03-29 23:35:31,40.6
2025-03-29 23:35:32,40.6
2025-03-29 23:35:33,40.6
2025-03-29 23:35:34,40.6
2025-03-29 23:35:35,40.6
2025-03-29 23:35:36,40.6
2025-03-29 23:35:46,40.6
2025-03-29 23:35:47,40.6
2025-03-29 23:35:48,40.6
2025-03-29 23:35:49,40.6
2025-03-29 23:35:50,40.6
2025-03-29 23:35:51,40.6
2025-03-29 23:35:52,40.6
2025-03-29 23:35:53,40.6
2025-03-29 23:35:54,40.6
2025-03-29 23:35:55,40.6
2025-03-29 23:35:56,40.6
2025-03-29 23:35:57,40.6
2025-03-29 23:35:59,40.6
2025-03-29 23:36:01,40.6
2025-03-29 23:36:02,40.6
2025-03-29 23:36:03,40.6
2025-03-29 23:36:04,40.6
2025-03-29 23:36:06,40.6
2025-03-29 23:36:07,40.6
2025-03-29 23:36:08,40.6
2025-03-29 23:36:09,40.6
2025-03-29 23:36:10,40.6
2025-03-29 23:36:12,40.6
2025-03-29 23:36:13,39.95
2025-03-29 23:36:14,39.95
2025-03-29 23:36:15,39.95
2025-03-29 23:36:16,39.95
2025-03-29 23:36:17,39.95
2025-03-29 23:36:18,39.95
2025-03-29 23:36:19,39.95
2025-03-29 23:36:20,39.95
2025-03-29 23:36:21,39.95
2025-03-29 23:36:23,39.95
2025-03-29 23:36:24,39.95
2025-03-29 23:36:25,39.95
2025-03-29 23:36:26,39.95
2025-03-29 23:36:27,39.95
2025-03-29 23:36:28,39.95
2025-03-29 23:36:29,39.95
2025-03-29 23:36:30,39.95
2025-03-29 23:36:31,39.95
2025-03-29 23:36:32,39.95
2025-03-29 23:36:33,39.95
2025-03-29 23:36:34,39.95
2025-03-29 23:36:35,39.95
2025-03-29 23:36:36,39.95
2025-03-29 23:36:37,39.95
2025-03-29 23:36:38,39.95
2025-03-29 23:36:39,39.95
2025-03-29 23:36:40,39.95
2025-03-29 23:36:41,39.95
2025-03-29 23:36:42,39.95
2025-03-29 23:36:43,39.95
2025-03-29 23:36:44,39.95
2025-03-29 23:36:46,39.95
2025-03-29 23:36:47,39.95
2025-03-29 23:36:48,39.95
2025-03-29 23:36:49,39.95
2025-03-29 23:36:50,39.95
2025-03-29 23:36:51,39.95
2025-03-29 23:36:53,39.95
2025-03-29 23:36:57,39.95
2025-03-29 23:37:02,39.95
2025-03-29 23:37:10,39.95
2025-03-29 23:37:11,39.95
2025-03-29 23:37:12,39.95
2025-03-29 23:37:13,39.5
2025-03-29 23:37:14,39.5
2025-03-29 23:37:15,39.5
2025-03-29 23:37:16,39.5
2025-03-29 23:37:17,39.5
2025-03-29 23:37:18,39.5
2025-03-29 23:37:19,39.5
2025-03-29 23:37:20,39.5
2025-03-29 23:37:21,39.5
2025-03-29 23:37:23,39.5
2025-03-29 23:37:24,39.5
2025-03-29 23:37:25,39.5
2025-03-29 23:37:26,39.5
2025-03-29 23:37:27,39.5
2025-03-29 23:37:28,39.5
2025-03-29 23:37:29,39.5
2025-03-29 23:37:30,39.5
2025-03-29 23:37:31,39.5
2025-03-29 23:37:32,39.5
2025-03-29 23:37:33,39.5
2025-03-29 23:37:34,39.5
2025-03-29 23:37:35,39.5
2025-03-29 23:37:36,39.5
2025-03-29 23:37:37,39.5
2025-03-29 23:37:38,39.5
2025-03-29 23:37:39,39.5
2025-03-29 23:37:40,39.5
2025-03-29 23:37:41,39.5
2025-03-29 23:37:42,39.5
2025-03-29 23:37:43,39.5
2025-03-29 23:37:45,39.5
2025-03-29 23:37:46,39.5
2025-03-29 23:37:47,39.5
2025-03-29 23:37:48,39.5
2025-03-29 23:37:49,39.5
2025-03-29 23:37:50,39.5
2025-03-29 23:37:51,39.5
2025-03-29 23:37:52,39.5
2025-03-29 23:37:53,39.5
2025-03-29 23:37:54,39.5
2025-03-29 23:37:55,39.5
2025-03-29 23:37:56,39.5
2025-03-29 23:37:57,39.5
2025-03-29 23:37:58,39.5
2025-03-29 23:37:59,39.5
2025-03-29 23:38:00,39.5
2025-03-29 23:38:01,39.5
2025-03-29 23:38:02,39.5
2025-03-29 23:38:04,39.5
2025-03-29 23:38:05,39.5
2025-03-29 23:38:06,39.5
2025-03-29 23:38:07,39.5
2025-03-29 23:38:08,39.5
2025-03-29 23:38:09,39.5
2025-03-29 23:38:10,39.5
2025-03-29 23:38:11,39.5
2025-03-29 23:38:12,39.5
2025-03-29 23:38:13,38.85
2025-03-29 23:38:14,38.85
2025-03-29 23:38:15,38.85
2025-03-29 23:38:17,38.85
2025-03-29 23:38:18,38.85
2025-03-29 23:38:19,38.85
2025-03-29 23:38:20,38.85
2025-03-29 23:38:21,38.85
2025-03-29 23:38:22,38.85
2025-03-29 23:38:23,38.85
2025-03-29 23:38:24,38.85
2025-03-29 23:38:25,38.85
2025-03-29 23:38:26,38.85
2025-03-29 23:38:27,38.85
2025-03-29 23:38:28,38.85
2025-03-29 23:38:29,38.85
2025-03-29 23:38:31,38.85
2025-03-29 23:38:32,38.85
2025-03-29 23:38:33,38.85
2025-03-29 23:38:34,38.85
2025-03-29 23:38:35,38.85
2025-03-29 23:38:36,38.85
2025-03-29 23:38:37,38.85
2025-03-29 23:38:38,38.85
2025-03-29 23:38:39,38.85
2025-03-29 23:38:40,38.85
2025-03-29 23:38:41,38.85
2025-03-29 23:38:42,38.85
2025-03-29 23:38:43,38.85
2025-03-29 23:38:44,38.85
2025-03-29 23:38:45,38.85
2025-03-29 23:38:46,38.85
2025-03-29 23:38:47,38.85
2025-03-29 23:38:48,38.85
2025-03-29 23:38:49,38.85
2025-03-29 23:38:51,38.85
2025-03-29 23:38:52,38.85
2025-03-29 23:38:53,38.85
2025-03-29 23:38:54,38.85
2025-03-29 23:38:55,38.85
2025-03-29 23:38:56,38.85
2025-03-29 23:38:57,38.85
2025-03-29 23:38:58,38.85
2025-03-29 23:38:59,38.85
2025-03-29 23:39:00,38.85
2025-03-29 23:39:01,38.85
2025-03-29 23:39:02,38.85
2025-03-29 23:39:03,38.85
2025-03-29 23:39:04,38.85
2025-03-29 23:39:05,38.85
2025-03-29 23:39:06,38.85
2025-03-29 23:39:07,38.85
2025-03-29 23:39:09,38.85
2025-03-29 23:39:10,38.85
2025-03-29 23:39:11,38.85
2025-03-29 23:39:12,38.85
2025-03-29 23:39:13,38.4
2025-03-29 23:39:14,38.4
2025-03-29 23:39:16,38.4
2025-03-29 23:39:17,38.4
2025-03-29 23:39:18,38.4
2025-03-29 23:39:19,38.4
2025-03-29 23:39:20,38.4
2025-03-29 23:39:21,38.4
2025-03-29 23:39:22,38.4
2025-03-29 23:39:23,38.4
2025-03-29 23:39:25,38.4
2025-03-29 23:39:26,38.4
2025-03-29 23:39:29,38.4
2025-03-29 23:39:41,38.4
2025-03-29 23:39:42,38.4
2025-03-29 23:39:43,38.4
2025-03-29 23:39:44,38.4
2025-03-29 23:39:45,38.4
2025-03-29 23:39:46,38.4
2025-03-29 23:39:47,38.4
2025-03-29 23:39:49,38.4
2025-03-29 23:39:50,38.4
2025-03-29 23:39:51,38.4
2025-03-29 23:39:52,38.4
2025-03-29 23:39:53,38.4
2025-03-29 23:39:54,38.4
2025-03-29 23:39:55,38.4
2025-03-29 23:39:56,38.4
2025-03-29 23:39:57,38.4
2025-03-29 23:39:58,38.4
2025-03-29 23:39:59,38.4
2025-03-29 23:40:00,38.4
2025-03-29 23:40:01,38.4
2025-03-29 23:40:02,38.4
2025-03-29 23:40:03,38.4
2025-03-29 23:40:04,38.4
2025-03-29 23:40:05,38.4
2025-03-29 23:40:06,38.4
2025-03-29 23:40:07,38.4
2025-03-29 23:40:08,38.4
2025-03-29 23:40:09,38.4
2025-03-29 23:40:10,38.4
2025-03-29 23:40:11,38.4
2025-03-29 23:40:13,38.4
2025-03-29 23:40:14,37.75
2025-03-29 23:40:15,37.75
2025-03-29 23:40:16,37.75
2025-03-29 23:40:17,37.75
2025-03-29 23:40:18,37.75
2025-03-29 23:40:19,37.75
2025-03-29 23:40:20,37.75
2025-03-29 23:40:21,37.75
2025-03-29 23:40:22,37.75
2025-03-29 23:40:23,37.75
2025-03-29 23:40:24,37.75
2025-03-29 23:40:25,37.75
2025-03-29 23:40:26,37.75
2025-03-29 23:40:28,37.75
2025-03-29 23:40:29,37.75
2025-03-29 23:40:30,37.75
2025-03-29 23:40:31,37.75
2025-03-29 23:40:32,37.75
2025-03-29 23:40:33,37.75
2025-03-29 23:40:34,37.75
2025-03-29 23:40:35,37.75
2025-03-29 23:40:36,37.75
2025-03-29 23:40:37,37.75
2025-03-29 23:40:38,37.75
2025-03-29 23:40:39,37.75
2025-03-29 23:40:41,37.75
2025-03-29 23:40:42,37.75
2025-03-29 23:40:43,37.75
2025-03-29 23:40:44,37.75
2025-03-29 23:40:45,37.75
2025-03-29 23:40:46,37.75
2025-03-29 23:40:48,37.75
2025-03-29 23:40:49,37.75
2025-03-29 23:40:50,37.75
2025-03-29 23:40:51,37.75
2025-03-29 23:40:52,37.75
2025-03-29 23:40:53,37.75
2025-03-29 23:40:54,37.75
2025-03-29 23:40:55,37.75
2025-03-29 23:40:56,37.75
2025-03-29 23:40:58,37.75
2025-03-29 23:40:59,37.75
2025-03-29 23:41:00,37.75
2025-03-29 23:41:01,37.75
2025-03-29 23:41:02,37.75
2025-03-29 23:41:03,37.75
2025-03-29 23:41:04,37.75
2025-03-29 23:41:05,37.75
2025-03-29 23:41:06,37.75
2025-03-29 23:41:07,37.75
2025-03-29 23:41:08,37.75
2025-03-29 23:41:09,37.75
2025-03-29 23:41:10,37.75
2025-03-29 23:41:11,37.75
2025-03-29 23:41:12,37.75
2025-03-29 23:41:13,37.3
2025-03-29 23:41:14,37.3
2025-03-29 23:41:16,37.3
2025-03-29 23:41:17,37.3
2025-03-29 23:41:18,37.3
2025-03-29 23:41:19,37.3
2025-03-29 23:41:20,37.3
2025-03-29 23:41:21,37.3
2025-03-29 23:41:22,37.3
2025-03-29 23:41:23,37.3
2025-03-29 23:41:25,37.3
2025-03-29 23:41:26,37.3
2025-03-29 23:41:27,37.3
2025-03-29 23:41:28,37.3
2025-03-29 23:41:29,37.3
2025-03-29 23:41:30,37.3
2025-03-29 23:41:31,37.3
2025-03-29 23:41:32,37.3
2025-03-29 23:41:33,37.3
2025-03-29 23:41:34,37.3
2025-03-29 23:41:35,37.3
2025-03-29 23:41:36,37.3
2025-03-29 23:41:37,37.3
2025-03-29 23:41:38,37.3
2025-03-29 23:41:40,37.3
2025-03-29 23:41:41,37.3
2025-03-29 23:41:42,37.3
2025-03-29 23:41:43,37.3
2025-03-29 23:41:44,37.3
2025-03-29 23:41:45,37.3
2025-03-29 23:41:47,37.3
2025-03-29 23:41:48,37.3
2025-03-29 23:41:49,37.3
2025-03-29 23:41:50,37.3
2025-03-29 23:41:51,37.3
2025-03-29 23:41:52,37.3
2025-03-29 23:41:53,37.3
2025-03-29 23:41:55,37.3
2025-03-29 23:41:56,37.3
2025-03-29 23:41:57,37.3
2025-03-29 23:41:59,37.3
2025-03-29 23:42:00,37.3
2025-03-29 23:42:01,37.3
2025-03-29 23:42:02,37.3
2025-03-29 23:42:04,37.3
2025-03-29 23:42:06,37.3
2025-03-29 23:42:07,37.3
2025-03-29 23:42:08,37.3
2025-03-29 23:42:09,37.3
2025-03-29 23:42:10,37.3
2025-03-29 23:42:13,37.3
2025-03-29 23:42:14,36.65
2025-03-29 23:42:16,36.65
2025-03-29 23:42:17,36.65
2025-03-29 23:42:18,36.65
2025-03-29 23:42:19,36.65
2025-03-29 23:42:20,36.65
2025-03-29 23:42:21,36.65
2025-03-29 23:42:22,36.65
2025-03-29 23:42:23,36.65
2025-03-29 23:42:24,36.65
2025-03-29 23:42:25,36.65
2025-03-29 23:42:26,36.65
2025-03-29 23:42:28,36.65
2025-03-29 23:42:29,36.65
2025-03-29 23:42:30,36.65
2025-03-29 23:42:31,36.65
2025-03-29 23:42:32,36.65
2025-03-29 23:42:33,36.65
2025-03-29 23:42:34,36.65
2025-03-29 23:42:35,36.65
2025-03-29 23:42:37,36.65
2025-03-29 23:42:38,36.65
2025-03-29 23:42:40,36.65
2025-03-29 23:42:42,36.65
2025-03-29 23:42:44,36.65
2025-03-29 23:42:45,36.65
2025-03-29 23:42:47,36.65
2025-03-29 23:42:48,36.65
2025-03-29 23:42:50,36.65
2025-03-29 23:42:51,36.65
2025-03-29 23:42:53,36.65
2025-03-29 23:42:54,36.65
2025-03-29 23:42:55,36.65
2025-03-29 23:43:02,36.65
2025-03-29 23:43:03,36.65
2025-03-29 23:43:07,36.65
2025-03-29 23:43:08,36.65
2025-03-29 23:43:10,36.65
2025-03-29 23:43:11,36.65
2025-03-29 23:43:12,36.65
2025-03-29 23:43:13,36.2
2025-03-29 23:43:14,36.2
2025-03-29 23:43:15,36.2
2025-03-29 23:43:16,36.2
2025-03-29 23:43:17,36.2
2025-03-29 23:43:18,36.2
2025-03-29 23:43:19,36.2
2025-03-29 23:43:20,36.2
2025-03-29 23:43:21,36.2
2025-03-29 23:43:22,36.2
2025-03-29 23:43:24,36.2
2025-03-29 23:43:25,36.2
2025-03-29 23:43:26,36.2
2025-03-29 23:43:27,36.2
2025-03-29 23:43:28,36.2
2025-03-29 23:43:29,36.2
2025-03-29 23:43:30,36.2
2025-03-29 23:43:31,36.2
2025-03-29 23:43:32,36.2
2025-03-29 23:43:33,36.2
2025-03-29 23:43:34,36.2
2025-03-29 23:43:35,36.2
2025-03-29 23:43:36,36.2
2025-03-29 23:43:37,36.2
2025-03-29 23:43:38,36.2
2025-03-29 23:43:39,36.2
2025-03-29 23:43:40,36.2
2025-03-29 23:43:41,36.2
2025-03-29 23:43:42,36.2
2025-03-29 23:43:43,36.2
2025-03-29 23:43:44,36.2
2025-03-29 23:43:45,36.2
2025-03-29 23:43:46,36.2
2025-03-29 23:43:47,36.2
2025-03-29 23:43:48,36.2
2025-03-29 23:43:50,36.2
2025-03-29 23:43:51,36.2
2025-03-29 23:43:52,36.2
2025-03-29 23:43:53,36.2
2025-03-29 23:43:54,36.2
2025-03-29 23:43:55,36.2
2025-03-29 23:43:56,36.2
2025-03-29 23:43:57,36.2
2025-03-29 23:43:58,36.2
2025-03-29 23:43:59,36.2
2025-03-29 23:44:00,36.2
2025-03-29 23:44:01,36.2
2025-03-29 23:44:02,36.2
2025-03-29 23:44:03,36.2
2025-03-29 23:44:04,36.2
2025-03-29 23:44:05,36.2
2025-03-29 23:44:06,36.2
2025-03-29 23:44:07,36.2
2025-03-29 23:44:08,36.2
2025-03-29 23:44:09,36.2
2025-03-29 23:44:10,36.2
2025-03-29 23:44:11,36.2
2025-03-29 23:44:12,36.2
2025-03-29 23:44:13,35.55
2025-03-29 23:44:15,35.55
2025-03-29 23:44:16,35.55
2025-03-29 23:44:17,35.55
2025-03-29 23:44:18,35.55
2025-03-29 23:44:19,35.55
2025-03-29 23:44:20,35.55
2025-03-29 23:44:21,35.55
2025-03-29 23:44:22,35.55
2025-03-29 23:44:23,35.55
2025-03-29 23:44:24,35.55
2025-03-29 23:44:25,35.55
2025-03-29 23:44:26,35.55
2025-03-29 23:44:27,35.55
2025-03-29 23:44:28,35.55
2025-03-29 23:44:29,35.55
2025-03-29 23:44:30,35.55
2025-03-29 23:44:31,35.55
2025-03-29 23:44:32,35.55
2025-03-29 23:44:33,35.55
2025-03-29 23:44:34,35.55
2025-03-29 23:44:35,35.55
2025-03-29 23:44:36,35.55
2025-03-29 23:44:37,35.55
2025-03-29 23:44:38,35.55
2025-03-29 23:44:39,35.55
2025-03-29 23:44:40,35.55
2025-03-29 23:44:41,35.55
2025-03-29 23:44:43,35.55
2025-03-29 23:44:44,35.55
2025-03-29 23:44:45,35.55
2025-03-29 23:44:46,35.55
2025-03-29 23:44:47,35.55
2025-03-29 23:44:48,35.55
2025-03-29 23:44:49,35.55
2025-03-29 23:44:50,35.55
2025-03-29 23:44:51,35.55
2025-03-29 23:44:52,35.55
2025-03-29 23:44:53,35.55
2025-03-29 23:44:54,35.55
2025-03-29 23:44:55,35.55
2025-03-29 23:44:56,35.55
2025-03-29 23:44:57,35.55
2025-03-29 23:44:58,35.55
2025-03-29 23:44:59,35.55
2025-03-29 23:45:00,35.55
2025-03-29 23:45:01,35.55
2025-03-29 23:45:02,35.55
2025-03-29 23:45:03,35.55
2025-03-29 23:45:04,35.55
2025-03-29 23:45:05,35.55
2025-03-29 23:45:06,35.55
2025-03-29 23:45:08,35.55
2025-03-29 23:45:09,35.55
2025-03-29 23:45:10,35.55
2025-03-29 23:45:11,35.55
2025-03-29 23:45:12,35.55
2025-03-29 23:45:13,35.1
2025-03-29 23:45:14,35.1
2025-03-29 23:45:15,35.1
2025-03-29 23:45:16,35.1
2025-03-29 23:45:17,35.1
2025-03-29 23:45:18,35.1
2025-03-29 23:45:19,35.1
2025-03-29 23:45:20,35.1
2025-03-29 23:45:21,35.1
2025-03-29 23:45:22,35.1
2025-03-29 23:45:23,35.1
2025-03-29 23:45:24,35.1
2025-03-29 23:45:25,35.1
2025-03-29 23:45:26,35.1
2025-03-29 23:45:27,35.1
2025-03-29 23:45:28,35.1
2025-03-29 23:45:29,35.1
2025-03-29 23:45:30,35.1
2025-03-29 23:45:31,35.1
2025-03-29 23:45:32,35.1
2025-03-29 23:45:33,35.1
2025-03-29 23:45:35,35.1
2025-03-29 23:45:36,35.1
2025-03-29 23:45:37,35.1
2025-03-29 23:45:38,35.1
2025-03-29 23:45:39,35.1
2025-03-29 23:45:40,35.1
2025-03-29 23:45:41,35.1
2025-03-29 23:45:42,35.1
2025-03-29 23:45:43,35.1
2025-03-29 23:45:44,35.1
2025-03-29 23:45:45,35.1
2025-03-29 23:45:46,35.1
2025-03-29 23:45:47,35.1
2025-03-29 23:45:48,35.1
2025-03-29 23:45:49,35.1
2025-03-29 23:45:50,35.1
2025-03-29 23:45:51,35.1
2025-03-29 23:45:52,35.1
2025-03-29 23:45:53,35.1
2025-03-29 23:45:54,35.1
2025-03-29 23:45:55,35.1
2025-03-29 23:45:56,35.1
2025-03-29 23:45:57,35.1
2025-03-29 23:45:58,35.1
2025-03-29 23:45:59,35.1
2025-03-29 23:46:01,35.1
2025-03-29 23:46:02,35.1
2025-03-29 23:46:03,35.1
2025-03-29 23:46:04,35.1
2025-03-29 23:46:05,35.1
2025-03-29 23:46:06,35.1
2025-03-29 23:46:07,35.1
2025-03-29 23:46:08,35.1
2025-03-29 23:46:09,35.1
2025-03-29 23:46:10,35.1
2025-03-29 23:46:11,35.1
2025-03-29 23:46:12,35.1
2025-03-29 23:46:13,34.45
2025-03-29 23:46:14,34.45
2025-03-29 23:46:15,34.45
2025-03-29 23:46:16,34.45
2025-03-29 23:46:17,34.45
2025-03-29 23:46:18,34.45
2025-03-29 23:46:19,34.45
2025-03-29 23:46:20,34.45
2025-03-29 23:46:21,34.45
2025-03-29 23:46:22,34.45
2025-03-29 23:46:23,34.45
2025-03-29 23:46:24,34.45
2025-03-29 23:46:26,34.45
2025-03-29 23:46:27,34.45
2025-03-29 23:46:28,34.45
2025-03-29 23:46:29,34.45
2025-03-29 23:46:30,34.45
2025-03-29 23:46:31,34.45
2025-03-29 23:46:32,34.45
2025-03-29 23:46:33,34.45
2025-03-29 23:46:34,34.45
2025-03-29 23:46:35,34.45
2025-03-29 23:46:36,34.45
2025-03-29 23:46:37,34.45
2025-03-29 23:46:38,34.45
2025-03-29 23:46:39,34.45
2025-03-29 23:46:40,34.45
2025-03-29 23:46:41,34.45
2025-03-29 23:46:42,34.45
2025-03-29 23:46:43,34.45
2025-03-29 23:46:44,34.45
2025-03-29 23:46:45,34.45
2025-03-29 23:46:46,34.45
2025-03-29 23:46:47,34.45
2025-03-29 23:46:48,34.45
2025-03-29 23:46:49,34.45
2025-03-29 23:46:51,34.45
2025-03-29 23:46:52,34.45
2025-03-29 23:46:53,34.45
2025-03-29 23:46:54,34.45
2025-03-29 23:46:55,34.45
2025-03-29 23:46:56,34.45
2025-03-29 23:46:57,34.45
2025-03-29 23:46:58,34.45
2025-03-29 23:46:59,34.45
2025-03-29 23:47:00,34.45
2025-03-29 23:47:01,34.45
2025-03-29 23:47:02,34.45
2025-03-29 23:47:03,34.45
2025-03-29 23:47:04,34.45
2025-03-29 23:47:05,34.45
2025-03-29 23:47:06,34.45
2025-03-29 23:47:07,34.45
2025-03-29 23:47:08,34.45
2025-03-29 23:47:09,34.45
2025-03-29 23:47:10,34.45
2025-03-29 23:47:11,34.45
2025-03-29 23:47:12,34.45
2025-03-29 23:47:13,34
2025-03-29 23:47:14,34
2025-03-29 23:47:16,34
2025-03-29 23:47:17,34
2025-03-29 23:47:18,34
2025-03-29 23:47:19,34
2025-03-29 23:47:20,34
2025-03-29 23:47:21,34
2025-03-29 23:47:22,34
2025-03-29 23:47:23,34
2025-03-29 23:47:24,34
2025-03-29 23:47:25,34
2025-03-29 23:47:26,34
2025-03-29 23:47:27,34
2025-03-29 23:47:28,34
2025-03-29 23:47:29,34
2025-03-29 23:47:30,34
2025-03-29 23:47:31,34
2025-03-29 23:47:32,34
2025-03-29 23:47:33,34
2025-03-29 23:47:34,34
2025-03-29 23:47:35,34
2025-03-29 23:47:36,34
2025-03-29 23:47:37,34
2025-03-29 23:47:38,34
2025-03-29 23:47:39,34
2025-03-29 23:47:40,34
2025-03-29 23:47:42,34
2025-03-29 23:47:43,34
2025-03-29 23:47:44,34
2025-03-29 23:47:45,34
2025-03-29 23:47:46,34
2025-03-29 23:47:47,34
2025-03-29 23:47:48,34
2025-03-29 23:47:49,34
2025-03-29 23:47:50,34
2025-03-29 23:47:51,34
2025-03-29 23:47:52,34
2025-03-29 23:47:53,34
2025-03-29 23:47:54,34
2025-03-29 23:47:55,34
2025-03-29 23:47:56,34
2025-03-29 23:47:57,34
2025-03-29 23:47:58,34
2025-03-29 23:47:59,34
2025-03-29 23:48:00,34
2025-03-29 23:48:01,34
2025-03-29 23:48:02,34
2025-03-29 23:48:03,34
2025-03-29 23:48:05,34
2025-03-29 23:48:06,34
2025-03-29 23:48:07,34
2025-03-29 23:48:08,34
2025-03-29 23:48:09,34
2025-03-29 23:48:10,34
2025-03-29 23:48:11,34
2025-03-29 23:48:12,34
2025-03-29 23:48:13,33.35
2025-03-29 23:48:14,33.35
2025-03-29 23:48:15,33.35
2025-03-29 23:48:16,33.35
2025-03-29 23:48:17,33.35
2025-03-29 23:48:18,33.35
2025-03-29 23:48:19,33.35
2025-03-29 23:48:20,33.35
2025-03-29 23:48:21,33.35
2025-03-29 23:48:22,33.35
2025-03-29 23:48:23,33.35
2025-03-29 23:48:24,33.35
2025-03-29 23:48:25,33.35
2025-03-29 23:48:26,33.35
2025-03-29 23:48:27,33.35
2025-03-29 23:48:28,33.35
2025-03-29 23:48:29,33.35
2025-03-29 23:48:30,33.35
2025-03-29 23:48:32,33.35
2025-03-29 23:48:33,33.35
2025-03-29 23:48:34,33.35
2025-03-29 23:48:35,33.35
2025-03-29 23:48:36,33.35
2025-03-29 23:48:37,33.35
2025-03-29 23:48:38,33.35
2025-03-29 23:48:39,33.35
2025-03-29 23:48:40,33.35
2025-03-29 23:48:41,33.35
2025-03-29 23:48:42,33.35
2025-03-29 23:48:43,33.35
2025-03-29 23:48:44,33.35
2025-03-29 23:48:45,33.35
2025-03-29 23:48:46,33.35
2025-03-29 23:48:47,33.35
2025-03-29 23:48:48,33.35
2025-03-29 23:48:49,33.35
2025-03-29 23:48:50,33.35
2025-03-29 23:48:51,33.35
2025-03-29 23:48:52,33.35
2025-03-29 23:48:53,33.35
2025-03-29 23:48:54,33.35
2025-03-29 23:48:55,33.35
2025-03-29 23:48:56,33.35
2025-03-29 23:48:57,33.35
2025-03-29 23:48:58,33.35
2025-03-29 23:49:00,33.35
2025-03-29 23:49:01,33.35
2025-03-29 23:49:02,33.35
2025-03-29 23:49:03,33.35
2025-03-29 23:49:04,33.35
2025-03-29 23:49:05,33.35
2025-03-29 23:49:06,33.35
2025-03-29 23:49:07,33.35
2025-03-29 23:49:08,33.35
2025-03-29 23:49:09,33.35
2025-03-29 23:49:10,33.35
2025-03-29 23:49:11,33.35
2025-03-29 23:49:12,33.35
2025-03-29 23:49:13,32.9
2025-03-29 23:49:14,32.9
2025-03-29 23:49:15,32.9
2025-03-29 23:49:16,32.9
2025-03-29 23:49:17,32.9
2025-03-29 23:49:18,32.9
2025-03-29 23:49:19,32.9
2025-03-29 23:49:20,32.9
2025-03-29 23:49:21,32.9
2025-03-29 23:49:22,32.9
2025-03-29 23:49:24,32.9
2025-03-29 23:49:25,32.9
2025-03-29 23:49:26,32.9
2025-03-29 23:49:27,32.9
2025-03-29 23:49:28,32.9
2025-03-29 23:49:29,32.9
2025-03-29 23:49:30,32.9
2025-03-29 23:49:31,32.9
2025-03-29 23:49:32,32.9
2025-03-29 23:49:33,32.9
2025-03-29 23:49:34,32.9
2025-03-29 23:49:35,32.9
2025-03-29 23:49:36,32.9
2025-03-29 23:49:37,32.9
2025-03-29 23:49:38,32.9
2025-03-29 23:49:39,32.9
2025-03-29 23:49:40,32.9
2025-03-29 23:49:41,32.9
2025-03-29 23:49:42,32.9
2025-03-29 23:49:43,32.9
2025-03-29 23:49:44,32.9
2025-03-29 23:49:45,32.9
2025-03-29 23:49:46,32.9
2025-03-29 23:49:47,32.9
2025-03-29 23:49:48,32.9
2025-03-29 23:49:49,32.9
2025-03-29 23:49:50,32.9
2025-03-29 23:49:52,32.9
2025-03-29 23:49:53,32.9
2025-03-29 23:49:54,32.9
2025-03-29 23:49:55,32.9
2025-03-29 23:49:56,32.9
2025-03-29 23:49:57,32.9
2025-03-29 23:49:58,32.9
2025-03-29 23:49:59,32.9
2025-03-29 23:50:00,32.9
2025-03-29 23:50:01,32.9
2025-03-29 23:50:02,32.9
2025-03-29 23:50:03,32.9
2025-03-29 23:50:04,32.9
2025-03-29 23:50:05,32.9
2025-03-29 23:50:06,32.9
2025-03-29 23:50:07,32.9
2025-03-29 23:50:08,32.9
2025-03-29 23:50:09,32.9
2025-03-29 23:50:10,32.9
2025-03-29 23:50:11,32.9
2025-03-29 23:50:12,32.9
2025-03-29 23:50:13,32.25
2025-03-29 23:50:14,32.25
2025-03-29 23:50:15,32.25
2025-03-29 23:50:17,32.25
2025-03-29 23:50:18,32.25
2025-03-29 23:50:19,32.25
2025-03-29 23:50:20,32.25
2025-03-29 23:50:21,32.25
2025-03-29 23:50:22,32.25
2025-03-29 23:50:23,32.25
2025-03-29 23:50:24,32.25
2025-03-29 23:50:25,32.25
2025-03-29 23:50:26,32.25
2025-03-29 23:50:27,32.25
2025-03-29 23:50:28,32.25
2025-03-29 23:50:29,32.25
2025-03-29 23:50:30,32.25
2025-03-29 23:50:31,32.25
2025-03-29 23:50:32,32.25
2025-03-29 23:50:33,32.25
2025-03-29 23:50:34,32.25
2025-03-29 23:50:35,32.25
2025-03-29 23:50:36,32.25
2025-03-29 23:50:37,32.25
2025-03-29 23:50:38,32.25
2025-03-29 23:50:39,32.25
2025-03-29 23:50:40,32.25
2025-03-29 23:50:41,32.25
2025-03-29 23:50:42,32.25
2025-03-29 23:50:44,32.25
2025-03-29 23:50:45,32.25
2025-03-29 23:50:46,32.25
2025-03-29 23:50:47,32.25
2025-03-29 23:50:48,32.25
2025-03-29 23:50:49,32.25
2025-03-29 23:50:50,32.25
2025-03-29 23:50:51,32.25
2025-03-29 23:50:52,32.25
2025-03-29 23:50:53,32.25
2025-03-29 23:50:54,32.25
2025-03-29 23:50:55,32.25
2025-03-29 23:50:56,32.25
2025-03-29 23:50:57,32.25
2025-03-29 23:50:58,32.25
2025-03-29 23:50:59,32.25
2025-03-29 23:51:00,32.25
2025-03-29 23:51:01,32.25
2025-03-29 23:51:02,32.25
2025-03-29 23:51:03,32.25
2025-03-29 23:51:04,32.25
2025-03-29 23:51:05,32.25
2025-03-29 23:51:06,32.25
2025-03-29 23:51:07,32.25
2025-03-29 23:51:08,32.25
2025-03-29 23:51:10,32.25
2025-03-29 23:51:11,32.25
2025-03-29 23:51:12,32.25
2025-03-29 23:51:13,78
2025-03-29 23:51:14,78
2025-03-29 23:51:16,78
2025-03-29 23:51:17,78
2025-03-29 23:51:18,78
2025-03-29 23:51:19,78
2025-03-29 23:51:20,78
2025-03-29 23:51:22,78
2025-03-29 23:51:23,78
2025-03-29 23:51:24,78
2025-03-29 23:51:26,78
2025-03-29 23:51:27,78
2025-03-29 23:51:28,78
2025-03-29 23:51:29,78
2025-03-29 23:51:30,78
2025-03-29 23:51:31,78
2025-03-29 23:51:32,78
2025-03-29 23:51:33,78
2025-03-29 23:51:34,78
2025-03-29 23:51:35,78
2025-03-29 23:51:36,78
2025-03-29 23:51:37,78
2025-03-29 23:51:39,78
2025-03-29 23:51:40,78
2025-03-29 23:51:41,78
2025-03-29 23:51:42,78
2025-03-29 23:51:43,78
2025-03-29 23:51:44,78
2025-03-29 23:51:45,78
2025-03-29 23:51:46,78
2025-03-29 23:51:47,78
2025-03-29 23:51:48,78
2025-03-29 23:51:49,78
2025-03-29 23:51:50,78
2025-03-29 23:51:51,78
2025-03-29 23:51:52,78
2025-03-29 23:51:53,78
2025-03-29 23:51:54,78
2025-03-29 23:51:55,78
2025-03-29 23:51:56,78
2025-03-29 23:51:58,78
2025-03-29 23:51:59,78
2025-03-29 23:52:00,78
2025-03-29 23:52:01,78
2025-03-29 23:52:02,78
2025-03-29 23:52:03,78
2025-03-29 23:52:04,78
2025-03-29 23:52:05,78
2025-03-29 23:52:06,78
2025-03-29 23:52:07,78
2025-03-29 23:52:09,78
2025-03-29 23:52:10,78
2025-03-29 23:52:11,78
2025-03-29 23:52:12,78
2025-03-29 23:52:13,77.35
2025-03-29 23:52:14,77.35
2025-03-29 23:52:15,77.35
2025-03-29 23:52:16,77.35
2025-03-29 23:52:17,77.35
2025-03-29 23:52:18,77.35
2025-03-29 23:52:19,77.35
2025-03-29 23:52:20,77.35
2025-03-29 23:52:21,77.35
2025-03-29 23:52:22,77.35
2025-03-29 23:52:23,77.35
2025-03-29 23:52:24,77.35
2025-03-29 23:52:25,77.35
2025-03-29 23:52:27,77.35
2025-03-29 23:52:28,77.35
2025-03-29 23:52:29,77.35
2025-03-29 23:52:30,77.35
2025-03-29 23:52:31,77.35
2025-03-29 23:52:32,77.35
2025-03-29 23:52:33,77.35
2025-03-29 23:52:34,77.35
2025-03-29 23:52:35,77.35
2025-03-29 23:52:36,77.35
2025-03-29 23:52:37,77.35
2025-03-29 23:52:38,77.35
2025-03-29 23:52:39,77.35
2025-03-29 23:52:40,77.35
2025-03-29 23:52:41,77.35
2025-03-29 23:52:42,77.35
2025-03-29 23:52:43,77.35
2025-03-29 23:52:44,77.35
2025-03-29 23:52:46,77.35
2025-03-29 23:52:47,77.35
2025-03-29 23:52:48,77.35
2025-03-29 23:52:49,77.35
2025-03-29 23:52:50,77.35
2025-03-29 23:52:51,77.35
2025-03-29 23:52:52,77.35
2025-03-29 23:52:53,77.35
2025-03-29 23:52:54,77.35
2025-03-29 23:52:55,77.35
2025-03-29 23:52:56,77.35
2025-03-29 23:52:57,77.35
2025-03-29 23:52:58,77.35
2025-03-29 23:52:59,77.35
2025-03-29 23:53:00,77.35
2025-03-29 23:53:01,77.35
2025-03-29 23:53:02,77.35
2025-03-29 23:53:03,77.35
2025-03-29 23:53:04,77.35
2025-03-29 23:53:06,77.35
2025-03-29 23:53:07,77.35
2025-03-29 23:53:08,77.35
2025-03-29 23:53:09,77.35
2025-03-29 23:53:10,77.35
2025-03-29 23:53:11,77.35
2025-03-29 23:53:12,77.35
2025-03-29 23:53:13,76.9
2025-03-29 23:53:14,76.9
2025-03-29 23:53:15,76.9
2025-03-29 23:53:16,76.9
2025-03-29 23:53:17,76.9
2025-03-29 23:53:18,76.9
2025-03-29 23:53:19,76.9
2025-03-29 23:53:20,76.9
2025-03-29 23:53:21,76.9
2025-03-29 23:53:22,76.9
2025-03-29 23:53:24,76.9
2025-03-29 23:53:25,76.9
2025-03-29 23:53:26,76.9
2025-03-29 23:53:27,76.9
2025-03-29 23:53:28,76.9
2025-03-29 23:53:29,76.9
2025-03-29 23:53:30,76.9
2025-03-29 23:53:31,76.9
2025-03-29 23:53:32,76.9
2025-03-29 23:53:34,76.9
2025-03-29 23:53:35,76.9
2025-03-29 23:53:36,76.9
2025-03-29 23:53:37,76.9
2025-03-29 23:53:38,76.9
2025-03-29 23:53:39,76.9
2025-03-29 23:53:40,76.9
2025-03-29 23:53:41,76.9
2025-03-29 23:53:42,76.9
2025-03-29 23:53:43,76.9
2025-03-29 23:53:44,76.9
2025-03-29 23:53:45,76.9
2025-03-29 23:53:46,76.9
2025-03-29 23:53:47,76.9
2025-03-29 23:53:48,76.9
2025-03-29 23:53:49,76.9
2025-03-29 23:53:50,76.9
2025-03-29 23:53:51,76.9
2025-03-29 23:53:53,76.9
2025-03-29 23:53:54,76.9
2025-03-29 23:53:55,76.9
2025-03-29 23:53:56,76.9
2025-03-29 23:53:57,76.9
2025-03-29 23:53:58,76.9
2025-03-29 23:53:59,76.9
2025-03-29 23:54:00,76.9
2025-03-29 23:54:01,76.9
2025-03-29 23:54:02,76.9
2025-03-29 23:54:03,76.9
2025-03-29 23:54:04,76.9
2025-03-29 23:54:05,76.9
2025-03-29 23:54:06,76.9
2025-03-29 23:54:07,76.9
2025-03-29 23:54:08,76.9
2025-03-29 23:54:09,76.9
2025-03-29 23:54:10,76.9
2025-03-29 23:54:11,76.9
2025-03-29 23:54:13,76.9
2025-03-29 23:54:14,76.25
2025-03-29 23:54:15,76.25
2025-03-29 23:54:16,76.25
2025-03-29 23:54:17,76.25
2025-03-29 23:54:18,76.25
2025-03-29 23:54:19,76.25
2025-03-29 23:54:20,76.25
2025-03-29 23:54:21,76.25
2025-03-29 23:54:22,76.25
2025-03-29 23:54:23,76.25
2025-03-29 23:54:24,76.25
2025-03-29 23:54:25,76.25
2025-03-29 23:54:26,76.25
2025-03-29 23:54:27,76.25
2025-03-29 23:54:28,76.25
2025-03-29 23:54:29,76.25
2025-03-29 23:54:30,76.25
2025-03-29 23:54:32,76.25
2025-03-29 23:54:33,76.25
2025-03-29 23:54:34,76.25
2025-03-29 23:54:35,76.25
2025-03-29 23:54:36,76.25
2025-03-29 23:54:37,76.25
2025-03-29 23:54:38,76.25
2025-03-29 23:54:39,76.25
2025-03-29 23:54:40,76.25
2025-03-29 23:54:41,76.25
2025-03-29 23:54:42,76.25
2025-03-29 23:54:43,76.25
2025-03-29 23:54:44,76.25
2025-03-29 23:54:45,76.25
2025-03-29 23:54:46,76.25
2025-03-29 23:54:47,76.25
2025-03-29 23:54:48,76.25
2025-03-29 23:54:49,76.25
2025-03-29 23:54:50,76.25
2025-03-29 23:54:52,76.25
2025-03-29 23:54:53,76.25
2025-03-29 23:54:54,76.25
2025-03-29 23:54:55,76.25
2025-03-29 23:54:56,76.25
2025-03-29 23:54:57,76.25
2025-03-29 23:54:58,76.25
2025-03-29 23:54:59,76.25
2025-03-29 23:55:00,76.25
2025-03-29 23:55:01,76.25
2025-03-29 23:55:02,76.25
2025-03-29 23:55:03,76.25
2025-03-29 23:55:04,76.25
2025-03-29 23:55:05,76.25
2025-03-29 23:55:06,76.25
2025-03-29 23:55:07,76.25
2025-03-29 23:55:08,76.25
2025-03-29 23:55:09,76.25
2025-03-29 23:55:11,76.25
2025-03-29 23:55:12,76.25
2025-03-29 23:55:13,75.8
2025-03-29 23:55:14,75.8
2025-03-29 23:55:15,75.8
2025-03-29 23:55:16,75.8
2025-03-29 23:55:17,75.8
2025-03-29 23:55:18,75.8
2025-03-29 23:55:19,75.8
2025-03-29 23:55:20,75.8
2025-03-29 23:55:21,75.8
2025-03-29 23:55:22,75.8
2025-03-29 23:55:23,75.8
2025-03-29 23:55:24,75.8
2025-03-29 23:55:25,75.8
2025-03-29 23:55:26,75.8
2025-03-29 23:55:27,75.8
2025-03-29 23:55:28,75.8
2025-03-29 23:55:30,75.8
2025-03-29 23:55:31,75.8
2025-03-29 23:55:32,75.8
2025-03-29 23:55:33,75.8
2025-03-29 23:55:34,75.8
2025-03-29 23:55:35,75.8
2025-03-29 23:55:36,75.8
2025-03-29 23:55:37,75.8
2025-03-29 23:55:39,75.8
2025-03-29 23:55:40,75.8
2025-03-29 23:55:41,75.8
2025-03-29 23:55:42,75.8
2025-03-29 23:55:43,75.8
2025-03-29 23:55:44,75.8
2025-03-29 23:55:45,75.8
2025-03-29 23:55:46,75.8
2025-03-29 23:55:47,75.8
2025-03-29 23:55:48,75.8
2025-03-29 23:55:49,75.8
2025-03-29 23:55:50,75.8
2025-03-29 23:55:51,75.8
2025-03-29 23:55:52,75.8
2025-03-29 23:55:53,75.8
2025-03-29 23:55:54,75.8
2025-03-29 23:55:55,75.8
2025-03-29 23:55:56,75.8
2025-03-29 23:55:57,75.8
2025-03-29 23:55:59,75.8
2025-03-29 23:56:00,75.8
2025-03-29 23:56:01,75.8
2025-03-29 23:56:02,75.8
2025-03-29 23:56:03,75.8
2025-03-29 23:56:04,75.8
2025-03-29 23:56:05,75.8
2025-03-29 23:56:06,75.8
2025-03-29 23:56:07,75.8
2025-03-29 23:56:08,75.8
2025-03-29 23:56:09,75.8
2025-03-29 23:56:10,75.8
2025-03-29 23:56:11,75.8
2025-03-29 23:56:12,75.8
2025-03-29 23:56:13,75.15
2025-03-29 23:56:14,75.15
2025-03-29 23:56:15,75.15
2025-03-29 23:56:16,75.15
2025-03-29 23:56:18,75.15
2025-03-29 23:56:19,75.15
2025-03-29 23:56:20,75.15
2025-03-29 23:56:21,75.15
2025-03-29 23:56:22,75.15
2025-03-29 23:56:23,75.15
2025-03-29 23:56:24,75.15
2025-03-29 23:56:25,75.15
2025-03-29 23:56:26,75.15
2025-03-29 23:56:27,75.15
2025-03-29 23:56:28,75.15
2025-03-29 23:56:29,75.15
2025-03-29 23:56:30,75.15
2025-03-29 23:56:31,75.15
2025-03-29 23:56:32,75.15
2025-03-29 23:56:33,75.15
2025-03-29 23:56:34,75.15
2025-03-29 23:56:36,75.15
2025-03-29 23:56:37,75.15
2025-03-29 23:56:38,75.15
2025-03-29 23:56:39,75.15
2025-03-29 23:56:40,75.15
2025-03-29 23:56:41,75.15
2025-03-29 23:56:42,75.15
2025-03-29 23:56:43,75.15
2025-03-29 23:56:44,75.15
2025-03-29 23:56:45,75.15
2025-03-29 23:56:46,75.15
2025-03-29 23:56:47,75.15
2025-03-29 23:56:48,75.15
2025-03-29 23:56:49,75.15
2025-03-29 23:56:50,75.15
2025-03-29 23:56:51,75.15
2025-03-29 23:56:52,75.15
2025-03-29 23:56:53,75.15
2025-03-29 23:56:54,75.15
2025-03-29 23:56:56,75.15
2025-03-29 23:56:57,75.15
2025-03-29 23:56:58,75.15
2025-03-29 23:56:59,75.15
2025-03-29 23:57:00,75.15
2025-03-29 23:57:01,75.15
2025-03-29 23:57:02,75.15
2025-03-29 23:57:03,75.15
2025-03-29 23:57:04,75.15
2025-03-29 23:57:05,75.15
2025-03-29 23:57:06,75.15
2025-03-29 23:57:07,75.15
2025-03-29 23:57:08,75.15
2025-03-29 23:57:09,75.15
2025-03-29 23:57:10,75.15
2025-03-29 23:57:11,75.15
2025-03-29 23:57:12,75.15
2025-03-29 23:57:14,74.7
2025-03-29 23:57:15,74.7
2025-03-29 23:57:16,74.7
2025-03-29 23:57:17,74.7
2025-03-29 23:57:18,74.7
2025-03-29 23:57:19,74.7
2025-03-29 23:57:20,74.7
2025-03-29 23:57:21,74.7
2025-03-29 23:57:22,74.7
2025-03-29 23:57:23,74.7
2025-03-29 23:57:24,74.7
2025-03-29 23:57:25,74.7
2025-03-29 23:57:26,74.7
2025-03-29 23:57:27,74.7
2025-03-29 23:57:28,74.7
2025-03-29 23:57:29,74.7
2025-03-29 23:57:30,74.7
2025-03-29 23:57:31,74.7
2025-03-29 23:57:32,74.7
2025-03-29 23:57:34,74.7
2025-03-29 23:57:35,74.7
2025-03-29 23:57:36,74.7
2025-03-29 23:57:37,74.7
2025-03-29 23:57:38,74.7
2025-03-29 23:57:39,74.7
2025-03-29 23:57:40,74.7
2025-03-29 23:57:41,74.7
2025-03-29 23:57:42,74.7
2025-03-29 23:57:43,74.7
2025-03-29 23:57:44,74.7
2025-03-29 23:57:45,74.7
2025-03-29 23:57:46,74.7
2025-03-29 23:57:47,74.7
2025-03-29 23:57:48,74.7
2025-03-29 23:57:49,74.7
2025-03-29 23:57:50,74.7
2025-03-29 23:57:51,74.7
2025-03-29 23:57:52,74.7
2025-03-29 23:57:54,74.7
2025-03-29 23:57:55,74.7
2025-03-29 23:57:56,74.7
2025-03-29 23:57:57,74.7
2025-03-29 23:57:58,74.7
2025-03-29 23:57:59,74.7
2025-03-29 23:58:00,74.7
2025-03-29 23:58:01,74.7
2025-03-29 23:58:02,74.7
2025-03-29 23:58:03,74.7
2025-03-29 23:58:04,74.7
2025-03-29 23:58:05,74.7
2025-03-29 23:58:06,74.7
2025-03-29 23:58:07,74.7
2025-03-29 23:58:08,74.7
2025-03-29 23:58:09,74.7
2025-03-29 23:58:10,74.7
2025-03-29 23:58:11,74.7
2025-03-29 23:58:12,74.7
2025-03-29 23:58:14,74.05
2025-03-29 23:58:15,74.05
2025-03-29 23:58:16,74.05
2025-03-29 23:58:17,74.05
2025-03-29 23:58:18,74.05
2025-03-29 23:58:19,74.05
2025-03-29 23:58:20,74.05
2025-03-29 23:58:21,74.05
2025-03-29 23:58:22,74.05
2025-03-29 23:58:23,74.05
2025-03-29 23:58:24,74.05
2025-03-29 23:58:25,74.05
2025-03-29 23:58:26,74.05
2025-03-29 23:58:27,74.05
2025-03-29 23:58:28,74.05
2025-03-29 23:58:29,74.05
2025-03-29 23:58:30,74.05
2025-03-29 23:58:31,74.05
2025-03-29 23:58:32,74.05
2025-03-29 23:58:34,74.05
2025-03-29 23:58:35,74.05
2025-03-29 23:58:36,74.05
2025-03-29 23:58:37,74.05
2025-03-29 23:58:38,74.05
2025-03-29 23:58:39,74.05
2025-03-29 23:58:40,74.05
2025-03-29 23:58:41,74.05
2025-03-29 23:58:42,74.05
2025-03-29 23:58:43,74.05
2025-03-29 23:58:44,74.05
2025-03-29 23:58:45,74.05
2025-03-29 23:58:46,74.05
2025-03-29 23:58:47,74.05
2025-03-29 23:58:48,74.05
2025-03-29 23:58:49,74.05
2025-03-29 23:58:50,74.05
2025-03-29 23:58:51,74.05
2025-03-29 23:58:52,74.05
2025-03-29 23:58:53,74.05
2025-03-29 23:58:55,74.05
2025-03-29 23:58:56,74.05
2025-03-29 23:58:57,74.05
2025-03-29 23:58:58,74.05
2025-03-29 23:58:59,74.05
2025-03-29 23:59:00,74.05
2025-03-29 23:59:01,74.05
2025-03-29 23:59:02,74.05
2025-03-29 23:59:03,74.05
2025-03-29 23:59:04,74.05
2025-03-29 23:59:05,74.05
2025-03-29 23:59:06,74.05
2025-03-29 23:59:07,74.05
2025-03-29 23:59:08,74.05
2025-03-29 23:59:09,74.05
2025-03-29 23:59:10,74.05
2025-03-29 23:59:11,74.05
2025-03-29 23:59:12,74.05
2025-03-29 23:59:13,73.6
2025-03-29 23:59:14,73.6
2025-03-29 23:59:16,73.6
2025-03-29 23:59:17,73.6
2025-03-29 23:59:18,73.6
2025-03-29 23:59:19,73.6
2025-03-29 23:59:20,73.6
2025-03-29 23:59:21,73.6
2025-03-29 23:59:22,73.6
2025-03-29 23:59:23,73.6
2025-03-29 23:59:24,73.6
2025-03-29 23:59:25,73.6
2025-03-29 23:59:26,73.6
2025-03-29 23:59:27,73.6
2025-03-29 23:59:28,73.6
2025-03-29 23:59:29,73.6
2025-03-29 23:59:30,73.6
2025-03-29 23:59:31,73.6
2025-03-29 23:59:33,73.6
2025-03-29 23:59:34,73.6
2025-03-29 23:59:35,73.6
2025-03-29 23:59:36,73.6
2025-03-29 23:59:37,73.6
2025-03-29 23:59:38,73.6
2025-03-29 23:59:39,73.6
2025-03-29 23:59:40,73.6
2025-03-29 23:59:41,73.6
2025-03-29 23:59:42,73.6
2025-03-29 23:59:43,73.6
2025-03-29 23:59:44,73.6
2025-03-29 23:59:45,73.6
2025-03-29 23:59:46,73.6
2025-03-29 23:59:47,73.6
2025-03-29 23:59:48,73.6
2025-03-29 23:59:49,73.6
2025-03-29 23:59:50,73.6
2025-03-29 23:59:51,73.6
2025-03-29 23:59:53,73.6
2025-03-29 23:59:54,73.6
2025-03-29 23:59:55,73.6
2025-03-29 23:59:56,73.6
2025-03-29 23:59:57,73.6
2025-03-29 23:59:58,73.6
2025-03-29 23:59:59,73.6
2025-03-30 00:00:00,73.6
2025-03-30 00:00:01,73.6
2025-03-30 00:00:02,73.6
2025-03-30 00:00:03,73.6
2025-03-30 00:00:04,73.6
2025-03-30 00:00:05,73.6
2025-03-30 00:00:06,73.6
2025-03-30 00:00:07,73.6
2025-03-30 00:00:08,73.6
2025-03-30 00:00:09,73.6
2025-03-30 00:00:11,73.6
2025-03-30 00:00:12,73.6
2025-03-30 00:00:13,72.95
2025-03-30 00:00:14,72.95
2025-03-30 00:00:15,72.95
2025-03-30 00:00:16,72.95
2025-03-30 00:00:17,72.95
2025-03-30 00:00:18,72.95
2025-03-30 00:00:19,72.95
2025-03-30 00:00:20,72.95
2025-03-30 00:00:21,72.95
2025-03-30 00:00:22,72.95
2025-03-30 00:00:24,72.95
2025-03-30 00:00:25,72.95
2025-03-30 00:00:26,72.95
2025-03-30 00:00:31,72.95
2025-03-30 00:00:32,72.95
2025-03-30 00:00:33,72.95
2025-03-30 00:00:34,72.95
2025-03-30 00:00:35,72.95
2025-03-30 00:00:36,72.95
2025-03-30 00:00:37,72.95
2025-03-30 00:00:38,72.95
2025-03-30 00:00:40,72.95
2025-03-30 00:00:41,72.95
2025-03-30 00:00:42,72.95
2025-03-30 00:00:43,72.95
2025-03-30 00:00:44,72.95
2025-03-30 00:00:45,72.95
2025-03-30 00:00:46,72.95
2025-03-30 00:00:47,72.95
2025-03-30 00:00:48,72.95
2025-03-30 00:00:49,72.95
2025-03-30 00:00:50,72.95
2025-03-30 00:00:51,72.95
2025-03-30 00:00:52,72.95
2025-03-30 00:00:53,72.95
2025-03-30 00:00:54,72.95
2025-03-30 00:00:55,72.95
2025-03-30 00:00:56,72.95
2025-03-30 00:00:57,72.95
2025-03-30 00:00:58,72.95
2025-03-30 00:01:00,72.95
2025-03-30 00:01:01,72.95
2025-03-30 00:01:02,72.95
2025-03-30 00:01:03,72.95
2025-03-30 00:01:04,72.95
2025-03-30 00:01:05,72.95
2025-03-30 00:01:06,72.95
2025-03-30 00:01:07,72.95
2025-03-30 00:01:08,72.95
2025-03-30 00:01:09,72.95
2025-03-30 00:01:10,72.95
2025-03-30 00:01:11,72.95
2025-03-30 00:01:12,72.95
2025-03-30 00:01:13,72.5
2025-03-30 00:01:14,72.5
2025-03-30 00:01:15,72.5
2025-03-30 00:01:16,72.5
2025-03-30 00:01:17,72.5
2025-03-30 00:01:19,72.5
2025-03-30 00:01:20,72.5
2025-03-30 00:01:21,72.5
2025-03-30 00:01:22,72.5
2025-03-30 00:01:23,72.5
2025-03-30 00:01:24,72.5
2025-03-30 00:01:25,72.5
2025-03-30 00:01:26,72.5
2025-03-30 00:01:27,72.5
2025-03-30 00:01:28,72.5
2025-03-30 00:01:29,72.5
2025-03-30 00:01:30,72.5
2025-03-30 00:01:31,72.5
2025-03-30 00:01:32,72.5
2025-03-30 00:01:33,72.5
2025-03-30 00:01:34,72.5
2025-03-30 00:01:35,72.5
2025-03-30 00:01:36,72.5
2025-03-30 00:01:37,72.5
2025-03-30 00:01:39,72.5
2025-03-30 00:01:40,72.5
2025-03-30 00:01:41,72.5
2025-03-30 00:01:42,72.5
2025-03-30 00:01:43,72.5
2025-03-30 00:01:44,72.5
2025-03-30 00:01:45,72.5
2025-03-30 00:01:46,72.5
2025-03-30 00:01:47,72.5
2025-03-30 00:01:48,72.5
2025-03-30 00:01:49,72.5
2025-03-30 00:01:50,72.5
2025-03-30 00:01:51,72.5
2025-03-30 00:01:52,72.5
2025-03-30 00:01:53,72.5
2025-03-30 00:01:54,72.5
2025-03-30 00:01:55,72.5
2025-03-30 00:01:56,72.5
2025-03-30 00:01:57,72.5
2025-03-30 00:01:59,72.5
2025-03-30 00:02:00,72.5
2025-03-30 00:02:01,72.5
2025-03-30 00:02:02,72.5
2025-03-30 00:02:03,72.5
2025-03-30 00:02:04,72.5
2025-03-30 00:02:05,72.5
2025-03-30 00:02:06,72.5
2025-03-30 00:02:07,72.5
2025-03-30 00:02:08,72.5
2025-03-30 00:02:09,72.5
2025-03-30 00:02:10,72.5
2025-03-30 00:02:11,72.5
2025-03-30 00:02:12,72.5
2025-03-30 00:02:13,71.85
2025-03-30 00:02:14,71.85
2025-03-30 00:02:15,71.85
2025-03-30 00:02:16,71.85
2025-03-30 00:02:17,71.85
2025-03-30 00:02:18,71.85
2025-03-30 00:02:20,71.85
2025-03-30 00:02:21,71.85
2025-03-30 00:02:22,71.85
2025-03-30 00:02:23,71.85
2025-03-30 00:02:24,71.85
2025-03-30 00:02:25,71.85
2025-03-30 00:02:26,71.85
2025-03-30 00:02:27,71.85
2025-03-30 00:02:28,71.85
2025-03-30 00:02:29,71.85
2025-03-30 00:02:30,71.85
2025-03-30 00:02:32,71.85
2025-03-30 00:02:33,71.85
2025-03-30 00:02:34,71.85
2025-03-30 00:02:35,71.85
2025-03-30 00:02:36,71.85
2025-03-30 00:02:37,71.85
2025-03-30 00:02:38,71.85
2025-03-30 00:02:39,71.85
2025-03-30 00:02:40,71.85
2025-03-30 00:02:41,71.85
2025-03-30 00:02:42,71.85
2025-03-30 00:02:43,71.85
2025-03-30 00:02:44,71.85
2025-03-30 00:02:45,71.85
2025-03-30 00:02:46,71.85
2025-03-30 00:02:47,71.85
2025-03-30 00:02:48,71.85
2025-03-30 00:02:51,71.85
2025-03-30 00:02:52,71.85
2025-03-30 00:02:53,71.85
2025-03-30 00:02:54,71.85
2025-03-30 00:02:55,71.85
2025-03-30 00:02:56,71.85
2025-03-30 00:02:57,71.85
2025-03-30 00:02:59,71.85
2025-03-30 00:03:01,71.85
2025-03-30 00:03:02,71.85
2025-03-30 00:03:03,71.85
2025-03-30 00:03:04,71.85
2025-03-30 00:03:05,71.85
2025-03-30 00:03:06,71.85
2025-03-30 00:03:07,71.85
