Título,Descripción,Distrito,Modalidad,URL
No disponible,No disponible,No disponible,Presencial,https://www.bumeran.com.pe/empleos/analista-programador-de-tecnologias-de-la-informacion-instituto-quimioterapico-s.a.-iqfarma-1116740821.html
No disponible,No disponible,No disponible,Presencial,https://www.bumeran.com.pe/empleos/frontend-developer-react-maseka-consulting-s.a.c.-1116739942.html
No disponible,No disponible,No disponible,Remoto,https://www.bumeran.com.pe/empleos/analista-programador-power-builder-junior-1116745817.html
No disponible,No disponible,No disponible,Remoto,https://www.bumeran.com.pe/empleos/desarrollador-front-ios-summit-s.a.c-1116742593.html
No disponible,No disponible,No disponible,Remoto,https://www.bumeran.com.pe/empleos/analista-programador-de-sistemas-hibrido-tecsup-1116737470.html
No disponible,No disponible,No disponible,Presencial,https://www.bumeran.com.pe/empleos/desarrollador-en-automatizacion-industrias-san-miguel-1116668376.html
No disponible,No disponible,No disponible,Presencial,https://www.bumeran.com.pe/empleos/desarrollador-python--especialista-en-modelos-de-ia-machine-learning-y-deep-learning-ibr-peru-s.a.-1116727983.html
No disponible,No disponible,No disponible,Remoto,https://www.bumeran.com.pe/empleos/junior-fullstack-developer-westpoint-software-solutions-1116746906.html
No disponible,No disponible,No disponible,Presencial,https://www.bumeran.com.pe/empleos/consultor-sap-siglo-bpo-1116255122.html
No disponible,No disponible,No disponible,Remoto,https://www.bumeran.com.pe/empleos/desarrollador-devops-csti-corp-1116746770.html
No disponible,No disponible,No disponible,Presencial,https://www.bumeran.com.pe/empleos/desarrollador-fullstack-semi-csti-corp-1116746707.html
No disponible,No disponible,No disponible,Presencial,https://www.bumeran.com.pe/empleos/desarrollador-fullstack-semi-csti-corp-1116746681.html
No disponible,No disponible,No disponible,Presencial,https://www.bumeran.com.pe/empleos/analista-programador-java-canvia-1116746667.html
No disponible,No disponible,No disponible,Presencial,https://www.bumeran.com.pe/empleos/desarrollador-fullstack-.net-angular-proyecto-temporal-tivit-peru-1116745883.html
No disponible,No disponible,No disponible,Presencial,https://www.bumeran.com.pe/empleos/programador-rpa-1116745783.html
No disponible,No disponible,No disponible,Presencial,https://www.bumeran.com.pe/empleos/fullstack-senior-metrica-andina-1116745064.html
No disponible,No disponible,No disponible,Remoto,https://www.bumeran.com.pe/empleos/analista-programador-.net-indra-peru-1116744936.html
No disponible,No disponible,No disponible,Presencial,https://www.bumeran.com.pe/empleos/analista-programador-caja-de-pensiones-militar-policial-1116744932.html
No disponible,No disponible,No disponible,Presencial,https://www.bumeran.com.pe/empleos/analista-programador-optima-1116744900.html
No disponible,No disponible,No disponible,Presencial,https://www.bumeran.com.pe/empleos/desarrollador-.net-proyecto-e-learning-evaluaciones-psicologicas-1116744821.html
